链接,名称,sd_result
http://movie101.oss-cn-zhangjiakou.aliyuncs.com/movie/%E4%B8%80%E5%BF%B5%E5%A4%A9%E5%A0%82.mp4,一念天堂,"{""meta"":{""stats_length"":6105.325},""id"":""31b3b752-ae13-4c63-bed5-73f554a193af"",""items"":[{""meta"":{""type"":""ANONYMOUS"",""segment_range"":[105.24,121.725],""stats_length"":16.485},""id"":""e2122f7f-275f-45b6-ba38-dcf3a59665a7"",""properties"":{""accept_meta"":{},""mark_by"":""LABEL""},""labels"":{""Role"":""沈默"",""Individuality"":""沈默是一个睚眦必报、有演技有能力、聪明而又圆滑、富有心机、做事能屈能伸、阴险狡诈但又不失善良的人"",""Identity"":""沈默开始扮演的是一个公司的秘书长，在揭露该公司的恶行后被查出脑癌，仅剩下不到六个月的时间，于是乎他开始精心策划着自己的退幕演出。他和杜宇一起合作，在为数不多的日子里他体验不同人的生活，他扮演诈骗客服、服务员等人物，不断地游走在假药公司老板姚总和诈骗公司老板贾总之间。看着那些欺世盗名，黑心商贩，碰瓷诈骗的人们，他用自己的角色引导他们走进圈套，得到应有的报应。在此过程中认识了马小丽，并喜欢上她。后面杜宇、马小丽、贾总等人被日本杀手横冈元鹏绑架，他与横冈元鹏进行了战斗用计谋救出了被绑架的人。最后将这些年骗来的钱全都还了回去，最终从天台一跃而下。""}},{""meta"":{""type"":""ANONYMOUS"",""segment_range"":[1585.467,1599.07],""stats_length"":13.603},""id"":""3e3f6189-e4f6-43f1-9194-e2ff8aa07ce1"",""properties"":{""accept_meta"":{},""mark_by"":""LABEL""},""labels"":{""Role"":""马小丽"",""Individuality"":""马小丽是一个有梦想、有追求、做事坚持原则、有恒心、有毅力、不在意他人眼光、非常乐观单纯善良的人"",""Identity"":""马小丽是一个网红主播，直播间却只有寥寥无几的几个人。她做的一手好菜，直播赚取想要考取的戏剧院校的学费，学习兰兰的直播风格却被直播间的人当成笑料。因为沈默的骗局而和沈默相识，被骗去给假药公司当代言人，识破了沈默的身份，并觉得沈默是一个虚伪的人。因为相信了沈默冒充的粉丝讲述自己患有脑癌的事而被骗光了所有积蓄。之后和沈默一起直播揭露假药而成为了朋友，在后面的相处中对沈默产生好感。后来好朋友兰兰失踪，在和沈默合作找兰兰的时候被日本杀手横冈元鹏绑架，后被赶来的沈默救出。后面继续坚持自己的梦想，学习表演。""}},{""meta"":{""type"":""ANONYMOUS"",""segment_range"":[688.194,700.041],""stats_length"":11.847},""id"":""b6695ded-de5d-4aa4-8692-8c3076920bb7"",""properties"":{""accept_meta"":{},""mark_by"":""LABEL""},""labels"":{""Role"":""杜宇"",""Individuality"":""杜宇是一个长相憨厚、喜欢看动漫、有超高计算机操作能力、胆小怕事、有点贪婪、不自信但又深情的人"",""Identity"":""杜宇开始和沈默合作演戏揭发了饭店老板老朱和老朱媳妇用带病狗肉做饭的真相，并转移了饭店老板的钱。一直迷恋富豪何大昌的情人小微，在小微喝醉后陪小微看星空。在帮助沈默做饭行骗耽误了给小微送汤的时间，小微担心杜宇被何大昌发现将杜宇赶出门。杜宇因此误会而和沈默发生争吵，后又收到小微的信息而心花怒放。杜宇决定和小微离开却被何大昌发现，杜宇也和沈默发生争吵分道扬镳。杜宇在和小微离开的路上遭到了何大昌雇佣的杀手横冈元鹏的追杀。在经历了小微被横冈元鹏绑架，杜宇假装被横冈元鹏催眠后，最终二人被沈默救出。最终杜宇和小微在沈默的安排下出移民他国。""}}],""properties"":{""seq"":14},""labels"":{""invalid"":""false""},""timestamp"":1692351703664}"
http://movie101.oss-cn-zhangjiakou.aliyuncs.com/movie/%E4%BA%8C%E4%BB%A3%E5%A6%96%E7%B2%BE%E4%B9%8B%E4%BB%8A%E7%94%9F%E6%9C%89%E5%B9%B8.mp4,二代妖精之今生有幸,"{""meta"":{""stats_length"":6610.026},""id"":""9275adc0-8381-45e4-8ae5-b3e059be5108"",""items"":[{""meta"":{""type"":""ANONYMOUS"",""segment_range"":[207.25,215.752],""stats_length"":8.502},""id"":""6462a93c-caa7-4cad-8b59-a1efb61d221e"",""properties"":{""accept_meta"":{},""mark_by"":""LABEL""},""labels"":{""Role"":""袁帅"",""Individuality"":""袁帅是一位胸口有伤疤。有勇敢却又胆小，有爱有善良、敢作敢当，却又落魄的动物饲养员"",""Identity"":""袁帅在小时候用身体挡下硫酸救了一只小白狐，现在是一位因为集资拍戏失败身负巨债的动物饲养员，为了还清百万巨债，他四处与富家女相亲，却被狐妖白纤楚纠缠，为了摆脱白纤楚他想尽办法，渐渐的与白纤楚产生感情，他因为白纤楚放弃妖怪管理局局长云中鹤提出的要求陷入逃亡，逃亡至剧组后因为父亲原因导致白纤楚被抓，他为了救白纤楚易容成云中鹤与洪思聪潜入妖怪管理局引发混乱后成功救出白纤楚，最后与白纤楚一起去见白纤楚的家人""}},{""meta"":{""type"":""ANONYMOUS"",""segment_range"":[586.709,599.221],""stats_length"":12.512},""id"":""c2c0fafe-a311-44bb-9d61-c4ffe782ae13"",""properties"":{""accept_meta"":{},""mark_by"":""LABEL""},""labels"":{""Role"":""白纤楚"",""Individuality"":""白纤楚是一位敢爱敢恨，重情遵守诺言，不服管教，为了爱人什么都会做的妖界稀世狐妖。"",""Identity"":""白纤楚是妖界的稀世物种北极银狐，变身前是亭亭玉立的美少女，因为小时候被人类袁帅所救，所以把他当成救命恩人。一心想要报恩的她来到人间，甚至不惜牺牲自己去帮助袁帅，与袁帅在动物园里相见，喝酒后就变身成一只凶悍异常的巨型银狐，也忍受了许多袁帅的无理要求，在与袁帅结婚后被云中鹤追杀，在逃至剧组时因为袁帅的父亲自愿打入毒药被抓，这种行为打动了袁帅，被云中鹤关进妖怪管理局后失去理智，在袁帅受到危险时恢复理智。""}},{""meta"":{""type"":""ANONYMOUS"",""segment_range"":[1214.967,1233.045],""stats_length"":18.078},""id"":""b8fdc2dd-02e4-4344-8b5a-11ca188b252b"",""properties"":{""accept_meta"":{},""mark_by"":""LABEL""},""labels"":{""Role"":""洪思聪"",""Individuality"":""洪思聪是个冷酷孤傲，但又有温柔有责任心，为了朋友赴汤蹈火的妖怪管理局小分队队长。"",""Identity"":""洪思聪是云中鹤下属、妖怪管理局魔都小分队队长，是白纤楚的发小，为帮助白纤楚多次违反命令，被云中鹤得知后，奉命捉拿违规狐妖白纤楚。他虽奉命捉拿白纤楚，但也一直默默扶持、帮助白纤楚，还多次救袁帅于水火之中，在云中鹤抓捕白纤楚时假意申请抓捕却故意放走白纤楚害自己被打回原形，在白纤楚被抓后生气地找到袁帅，用自己的方式帮助袁帅易容潜入妖界管理局，在最后的决战中把空中的云中鹤拉至地面，帮助袁帅顺利救出白纤楚。""}},{""meta"":{""type"":""ANONYMOUS"",""segment_range"":[1921.43,1934.993],""stats_length"":13.563},""id"":""3e97aa5f-fb6c-412e-b40e-9a924be5c73b"",""properties"":{""accept_meta"":{},""mark_by"":""LABEL""},""labels"":{""Role"":""云中鹤"",""Individuality"":""云中鹤是一位自私，自大的险恶小人，为了妖族血统不择手段心狠手辣的妖族管理局局长。"",""Identity"":""云中鹤是掌控着妖界秩序的妖管局局长。为了保证妖精血统的纯正，云中鹤一直极力阻止人妖相恋。因此在暗中观察着白纤楚，对于白纤楚和袁帅的恋情，他不仅通过妖管局现代黑科技武器进行干涉和破坏，还派出下属洪思聪捉拿白纤楚，在寻找白纤楚的过程中威胁蝴蝶精散播谣言不成将其杀害栽赃人族，还向袁帅提出要求交换白纤楚，被袁帅拒绝后开始追杀，在剧组时暴露身份后威胁并抓走白纤楚，最后在妖界管理局被袁帅一行人打败后得了妄想症""}}],""properties"":{""seq"":2},""labels"":{""invalid"":""false""},""timestamp"":1693105394205}"
http://movie101.oss-cn-zhangjiakou.aliyuncs.com/movie/%E5%A4%8F%E6%B4%9B%E7%89%B9%E7%83%A6%E6%81%BC.mp4,夏洛特烦恼,"{""meta"":{""stats_length"":5988.055},""id"":""f4a70648-d819-4794-9e4e-036052e89e7f"",""items"":[{""meta"":{""type"":""ANONYMOUS"",""segment_range"":[276.437,280.692],""stats_length"":4.255},""id"":""61f16757-6560-41e5-a33c-bed206eb3f14"",""properties"":{""accept_meta"":{},""mark_by"":""LABEL""},""labels"":{""Role"":""夏洛"",""Individuality"":""夏洛是一个记仇、贪心还胆小怕事，为了虚荣打肿脸充胖子的人，但同时也是一个一直怀揣着音乐梦想的人。"",""Identity"":""夏洛精心打扮去参加高中女神秋雅的婚礼，他喝醉酒给秋雅唱歌，被赶来的马冬梅发现，两人大闹婚礼，然后夏洛意外穿越回了1997年，他凭借着现代的记忆，从曾经的笑话逆袭成为时代偶像。穿越后的夏洛成功追到秋雅，事业和爱情一时之间夏洛便都拥有了，夏洛却发现自己身边虽然围绕着许多人，但是他们都是虚伪的没有人真正的爱他，他开始怀念之前和马冬梅在一起的日子，可是他失去了马冬梅，他生病死去了，穿越其实是一场梦，梦醒了他又见到了马冬梅，这次他开始珍惜马冬梅。""}},{""meta"":{""type"":""ANONYMOUS"",""segment_range"":[641.475,651.001],""stats_length"":9.526},""id"":""b27648bf-ee2e-41de-99f0-39433756403c"",""properties"":{""accept_meta"":{},""mark_by"":""LABEL""},""labels"":{""Role"":""马冬梅"",""Individuality"":""马冬梅是一个性格大大咧咧缺少一点女人味，不拘小节，为人仗义，一个单纯、专一勤劳能干的人。"",""Identity"":""马冬梅和夏洛是夫妻，平时都是马冬梅赚钱，夏洛好吃懒做，马冬梅发现丈夫夏洛偷偷参加高中女神的婚礼，还在婚礼上给秋雅唱情歌表白，夏洛穿越后，马冬梅喜欢夏洛，但是夏洛一直在追求秋雅，一直摆脱马冬梅，夏洛遇到危险马冬梅每次都去救他，后来为了救夏洛，马冬梅得罪了人，离开了家乡，后来跟夏洛失去了联系，多年后嫁给了大春，在完全不同的人生、不同的境遇下,还是马冬梅陪着夏洛走到了生命的尽头。一朝梦醒，夏洛还是那个一事无成的夏洛。""}},{""meta"":{""type"":""ANONYMOUS"",""segment_range"":[977.707,981.952],""stats_length"":4.245},""id"":""cb577f2a-e469-446e-bd4d-b7a174ea4c81"",""properties"":{""accept_meta"":{},""mark_by"":""LABEL""},""labels"":{""Role"":""大春"",""Individuality"":""大春是一个傻里傻气，非常憨厚，又很怂，看着缺根弦，但是真诚，单纯，对他人真心付出的人"",""Identity"":""大春在夏洛穿越的梦境中，他先是在教室罚站，他是老师口中排名第一的大傻子，他喜欢大大咧咧没有女人味的马冬梅，他在夏洛的指导下去追求马冬梅，但是被马冬梅拒绝了，在很多年后马冬梅和大春结婚了，一天回家的大春在家看到了已经成为明星的夏洛，很开心，但是后来，夏洛开了一辆载满向日葵的车，大春跟夏洛去了小时候去的游戏厅，在那夏洛说能不能把冬梅还给他，大春打了夏洛，马冬梅还是跟大春在一起，大春没有把马冬梅还给夏洛。""}},{""meta"":{""type"":""ANONYMOUS"",""segment_range"":[1013.919,1017.94],""stats_length"":4.021},""id"":""6eb22b4e-91bb-44ed-9642-e9d2a49df65c"",""properties"":{""accept_meta"":{},""mark_by"":""LABEL""},""labels"":{""Role"":""秋雅"",""Individuality"":""秋雅开始是一个容易害羞、纯真，单纯的人，后来在名利的污染下，变成了一个追求功利，虚伪，很有野心的人"",""Identity"":""秋雅刚开始嫁给了一个矮小又不好看的人，他们在举行婚礼，婚礼被马冬梅和夏洛破坏了，后来在夏洛的梦里秋雅被夏洛强吻，夏洛一直追求秋雅，但是秋雅和袁华一直关系很暧昧，后来秋雅因为夏洛的才华渐渐的喜欢上了夏洛，夏洛成名之后，她和夏洛在一起了，她负责夏洛的幕后工作，后来一次巧合，她又见到了袁华，她好像又找回了之前的感觉，她背着夏洛和袁华在一起，后来夏洛退出歌坛，再后来发现夏洛染病她也去检查，后来夏洛梦醒了。""}}],""properties"":{""seq"":12},""labels"":{""invalid"":""false""},""timestamp"":1692872700388}"
http://movie101.oss-cn-zhangjiakou.aliyuncs.com/movie/%E5%89%8D%E4%BB%BB3%EF%BC%9A%E5%86%8D%E8%A7%81%E5%89%8D%E4%BB%BB.mp4,前任3再见前任,"{""meta"":{""stats_length"":7171.929},""id"":""3e86ddf4-89b1-4a11-a144-9a1088f95f17"",""items"":[{""meta"":{""type"":""ANONYMOUS"",""segment_range"":[307.7,357.735],""stats_length"":50.035},""id"":""12f28ca3-9d79-479b-81d3-4549951d8069"",""properties"":{""accept_meta"":{},""mark_by"":""LABEL""},""labels"":{""Role"":""孟云"",""Individuality"":""孟云属于有事业心的男人，事业上有远大志向，积极向上，表面十分沉稳，内心波澜起伏。"",""Identity"":""设计公司老板，和女友林佳相恋五年，一起熬过艰难的创业期，但却在一次争吵后分手。分手后与好友余飞过上了放纵的生活，却因心系对方又要故作洒脱而相互暗自较劲。好友给他介绍人很多女生但是还心系林佳，直到后来他的一个甲方的外甥女出现，种种行为很像林佳，孟云把她当成了林佳，后来因为这个事情被王梓看出来并提出分手，孟云心里还是放不下林佳，当孟云想要重归于好的时候却发现他跟林佳早已回不去当初的模样。""}},{""meta"":{""type"":""ANONYMOUS"",""segment_range"":[3118.997,3154.94],""stats_length"":35.943},""id"":""d90e62bb-08d8-489e-ad47-ee54fba90ae9"",""properties"":{""accept_meta"":{},""mark_by"":""LABEL""},""labels"":{""Role"":""丁点"",""Individuality"":""丁点属于洒脱、开朗的女孩。表面上气势很凶，实则却暗藏甜蜜，用看似胡闹的坦白局来表达着自己的挂念和深爱"",""Identity"":""余飞的女朋友，也是林佳的好朋友。自己经营一家咖啡店。跟余飞谈了两年的恋爱，在跟余飞的一顿火锅之后感情上出现了一点嫌隙，然后在一次“坦白局”上与余飞分手，分手后依然对余飞恋恋不舍，跟好朋友林佳相互诉苦，中间看到了余飞他们的自由，然后拉着林佳也开启了自由的生活。中间组织里很多离谱的“坦白局”和“了断局”来跟余飞发泄心中的不满，来表达自己对余飞的挂念和深爱，借着吵架的壳，撒着思念的娇。最终两人重归于好。""}},{""meta"":{""type"":""ANONYMOUS"",""segment_range"":[3350.567,3401.418],""stats_length"":50.851},""id"":""08123893-aad9-4bed-bf2a-a3ddffecc559"",""properties"":{""accept_meta"":{},""mark_by"":""LABEL""},""labels"":{""Role"":""余飞"",""Individuality"":""余飞属于集智商与情商一身的男人，他爱玩但是不乱来，他更懂得自己想要的是什么，更在意的是什么"",""Identity"":""与孟云共同创立了设计公司，负责公关。与女朋友丁点谈了两年的恋爱，但是由于自己爱玩，与异性暧昧不清，再火锅之后的”坦白句“后分手，分手后依然对丁点恋恋不舍，虽然每天都拉着好友孟云组局出去潇洒，高喊着要自由，但是心里还是挂念着丁点，找好友马狗打探丁点的消息和在KTV的事情以及在一次次“了断局”“坦白局”中表达了出来。在他跟丁点的一次次坦白和透露心声中，逐渐走向了正轨，逐渐走到了一起。""}},{""meta"":{""type"":""ANONYMOUS"",""segment_range"":[5285.34,5328.098],""stats_length"":42.758},""id"":""bc7fa92a-de10-4442-8907-fb52c141227a"",""properties"":{""accept_meta"":{},""mark_by"":""LABEL""},""labels"":{""Role"":""林佳"",""Individuality"":""林佳是个自尊心极强的人，她美丽，有品位。每次吵架的时候都让孟云道歉，无论对错，以此来证明孟云心里还有她。"",""Identity"":""孟云的女朋友，在和他相恋了五年的爱情中进入了倦怠期，在一次争吵后分手，分手后一心等待着孟云会来挽回这段感情，中间几次被好友丁点拉去潇洒，但都中途放弃。在等待孟云挽回这段感情的途中在同学会上遇上了老同学王鑫，王鑫从前就很喜欢她，一直在默默地追求林佳，直到ktv里的失望和王梓的出现彻底击破了她心中的防线，彻底的对孟云失望。最后想吃芒果过敏而死，然后被王鑫和丁点所救。最后跟王鑫走到了一起。""}}],""properties"":{""seq"":19},""labels"":{""invalid"":""false""},""timestamp"":1693042627437}"
http://movie101.oss-cn-zhangjiakou.aliyuncs.com/movie/%E4%B9%98%E9%A3%8E%E7%A0%B4%E6%B5%AA.mp4,乘风破浪,"{""meta"":{""stats_length"":6083.024},""id"":""d40041ce-bb96-4dfe-bc4d-c0be45c63a10"",""items"":[{""meta"":{""type"":""ANONYMOUS"",""segment_range"":[237.459,251.071],""stats_length"":13.612},""id"":""1ce62902-11e1-4be9-8218-21876802792f"",""properties"":{""accept_meta"":{},""mark_by"":""LABEL""},""labels"":{""Role"":""徐太浪"",""Individuality"":""徐太浪他是一个缺乏安全感，冲动，脾气不好，但是仗义，做事凌厉桀骜不羁，渴望母爱的人"",""Identity"":""徐太浪获得了拉力锦标赛的总冠军。因为从小跟父亲关系不好所以在获奖后讽刺父亲，然后报复性带着父亲飙车，结果出了车祸。陷入昏迷的阿浪，仿佛是看到了走马灯。醒来后，阿浪发现自己回到了1998年，先后遇见了小学时期的班主任和年轻的父亲徐正太。回到过去的徐太浪最想做的就是见一下自己的母亲。后来他见到了母亲，也亲眼见证了父母之间的温暖恋情。经过和父亲的相处，他渐渐地开始理解了父亲，最后他通过刚出生的自己苏醒了过来。""}},{""meta"":{""type"":""ANONYMOUS"",""segment_range"":[482.373,490.824],""stats_length"":8.451},""id"":""5abe358a-c69a-4f58-9e5f-bcb9b962609e"",""properties"":{""accept_meta"":{},""mark_by"":""LABEL""},""labels"":{""Role"":""徐正太"",""Individuality"":""徐正太是一个正义充满热血，非常重感情，对待兄弟很仗义，对待爱人从一而终，一心一意的人"",""Identity"":""徐正太来见证了儿子徐太郎的总决赛，他看到了儿子拿到了冠军，但是儿子发表的感言却是在发泄对自己的不满，后来儿子带着他飙车出了车祸，1998年的徐正太是正太帮的帮主他在因为抓小偷认识了徐太浪，后来徐太浪跟警察来到他家说是他弟弟，后来徐太浪加入了正太帮，他们一起保护歌舞厅，后来和罗力谈判，然后解救被绑架的小马，再后来求婚，后来结婚那一天好兄弟六一死了，他又跟徐太浪一起为六一报仇最后坐了牢，太浪苏醒后父子俩和好""}},{""meta"":{""type"":""ANONYMOUS"",""segment_range"":[1874.224,1880.499],""stats_length"":6.275},""id"":""8e9e469c-f3c7-4694-9bea-dfc9120f4032"",""properties"":{""accept_meta"":{},""mark_by"":""LABEL""},""labels"":{""Role"":""小花（牛爱花/张素贞）"",""Individuality"":""小花是一个看起来温柔、娴静，但是实则内心坚定，是一个善良，有思想，也是一个强大的人"",""Identity"":""小花的父亲是一个试飞员，她从小就缺乏父爱，她讨厌自己的父亲，后来她爱上了比自己大四岁的邻家的徐正太，徐正太梦想当个像杜月笙一样的人物，建立帮派，她也是歌舞厅的“妈咪”，力争只让女孩儿们唱歌不干别的，后来徐正太向她求婚了，他们结婚了，再后来她怀孕了，但是怀孕期间，她的家着火，后来徐正太被绑架，打架受伤，然后帮派成员六一被杀，丈夫又去为六一报仇，然后打架犯故意伤害罪被判六年，她在徐太浪的陪伴下生下了孩子""}},{""meta"":{""type"":""ANONYMOUS"",""segment_range"":[2031.613,2035.831],""stats_length"":4.218},""id"":""8466b5bb-0331-43cc-b873-5f72f8fbf203"",""properties"":{""accept_meta"":{},""mark_by"":""LABEL""},""labels"":{""Role"":""六一"",""Individuality"":""六一是一个憨憨的，不太聪明，非常讲义气，单纯、善良，对喜欢的女孩子很尊重，真心地对待身边每一个人的人。"",""Identity"":""六一的爸爸叫五一，六一是徐正太的小弟，他是正太帮仅有的四名成员之一，徐太浪带着警察去到徐正太家之时，六一看到警察就跳到河里了，因为从小跟着爸爸摆地摊，后来为了找六一还丢了最后一只金毛，六一喜欢的女孩儿佳依不喜欢他，但是他对佳依还是很好，后来在徐太浪接受最终考验时，意外听到了大哥对自己的否定，六一立誓说要证明给正太看，后来徐正太的腿被黄志强打断，六一一个人在大哥结婚当天去为大哥报仇，结果死在了那一天。""}},{""meta"":{""type"":""ANONYMOUS"",""segment_range"":[2356.624,2367.309],""stats_length"":10.685},""id"":""6e2148be-8a23-4582-ab08-209fc5a9d053"",""properties"":{""accept_meta"":{},""mark_by"":""LABEL""},""labels"":{""Role"":""罗力"",""Individuality"":""罗力是一个看起来很坏，但是本质很善良很真诚，一个对老婆很好，只要老婆想要的他都想办法满足的人"",""Identity"":""罗力是徐正太的死对头，他想要收购挚爱歌舞厅，罗力跟徐正太谈判，但是谈判失败，于是他绑架了小马，结果发现并没有绑架到核心成员。于是转为去绑架新成员徐太浪，结果就在他跟老婆在仓库吃日餐时，小马被救走了，自己拿枪追出来还被警察发现了。自己一直在为黄志强干走私车生意，结果黄志强要换人了，想要让徐正太为他做事，结果徐正太拒绝了，被打断了腿，自己虽然是一个小人物，但是在徐正太的兄弟被杀，徐正太要为兄弟报仇时，罗力还为徐正太提供了车。""}}],""properties"":{""seq"":15},""labels"":{""invalid"":""false""},""timestamp"":1693040726300}"
http://movie101.oss-cn-zhangjiakou.aliyuncs.com/movie/%E5%BF%83%E7%90%86%E7%BD%AA%E4%B9%8B%E5%9F%8E%E5%B8%82%E4%B9%8B%E5%85%89%EF%BC%88%E4%B8%AD%EF%BC%89.mp4,心理罪之城市之光,"{""meta"":{""stats_length"":7455.66},""id"":""f6e7012b-fa5e-40a4-a5c7-81f99b442512"",""items"":[{""meta"":{""type"":""ANONYMOUS"",""segment_range"":[498.341,502.519],""stats_length"":4.178},""id"":""2e9f1549-4c0b-481c-8478-c0775420fbb8"",""properties"":{""accept_meta"":{},""mark_by"":""LABEL""},""labels"":{""Role"":""方木"",""Individuality"":""方木是一个沉稳、冷静、细心，颓废和平庸下隐藏着成熟和有见解，正义、勇敢、不怕牺牲、善良的人。"",""Identity"":""方木因为被认为是李一失踪案的嫌疑人，自己退出一线，后因为魏明军一案米楠来找他帮忙，再后来 又发生了一系列的案子，凶手都是一个叫城市之光的人，通过种种线索方木发现凶手是冲着他来的，而且大概率是曾经的同学。于是他开始调查，调查中他注意到了高中同学江亚，后发生的案子线索里发现了疑似江亚家二宝的手印，二宝接着受伤让方木确认了凶手。苦于没有证据只能将他释放，后来江亚杀了廖亚凡，但证据不足再次被释放，方木最后以身作饵，将江亚绳之以法。""}},{""meta"":{""type"":""ANONYMOUS"",""segment_range"":[639.877,645.54],""stats_length"":5.663},""id"":""1a6f5e18-74f1-42e4-9a68-c3bc07f155b7"",""properties"":{""accept_meta"":{},""mark_by"":""LABEL""},""labels"":{""Role"":""米楠"",""Individuality"":""米楠是一个做事雷厉风行、充满热血，遇到事情很理性，心思缜密，面对案情很理性，在生活中很感性的人。"",""Identity"":""米楠因为在游乐场抓到的嫌犯要告她，又碰到一个棘手的案子，被杨学武派去请教方木，米楠在找了方木之后觉得方木讲的都是废话，但是她回去推理模拟之后得到的结果却是一样的。再后来又发生了一起凶杀案，她又去请教方木，后来她在返回案发现场后又碰到了方木，之后又发生了一件案子，通过这些案子让米楠对方木产生了不一样的感情，后来方木要自己去调查城市之光米楠陪他一起，再后来廖亚凡被杀，米楠安慰鼓励方木，最后米楠的永生花救了方木。""}},{""meta"":{""type"":""ANONYMOUS"",""segment_range"":[3160.95,3166.536],""stats_length"":5.586},""id"":""0025967d-8b5c-46a5-9101-a2bd231187ed"",""properties"":{""accept_meta"":{},""mark_by"":""LABEL""},""labels"":{""Role"":""江亚"",""Individuality"":""江亚是一个心思缜密，做事非常谨慎，自诩正义但是冷血，暴力视生命如草芥，自卑、自负的人。"",""Identity"":""导致学生自杀的老师，不尊重母亲的人，不良的司机，无德的律师都被江亚惩戒。江亚就是除恶的城市之光，他用自己的方式惩戒坏人，但是他触犯了法律，他百密一疏被方木盯上，他从中学起崇拜方木，想要成为方木，但是他发现方木不是当年那个人了，于是他要为自己成为城市之光，因为自己的过去被方木发现，他与方木进行比赛，他杀死了廖亚凡，方木无能为力，后来方木向大众说他是城市之光，两人进行最后的决斗，在要杀死方木时，江亚被绳之以法。""}},{""meta"":{""type"":""ANONYMOUS"",""segment_range"":[5593.03,5597.036],""stats_length"":4.006},""id"":""901e4b2d-e299-4b07-a25e-7ec91cc20228"",""properties"":{""accept_meta"":{},""mark_by"":""LABEL""},""labels"":{""Role"":""杨学武"",""Individuality"":""杨学武是一个正直、善良、感性，做事有些冲动，非常有正义感，嫉恶如仇，不怕牺牲的警察。"",""Identity"":""一起起的凶杀案，像是连环案。很多年前的李一强奸幼女案的嫌犯李一在被释放后失踪，其实当时是杨学武将李一暴打一顿，但是李一后来失踪。于是杨学武想让李一案也并到此次连环凶杀案中。后来在方木的作用下找到了凶手，凶手杀了廖亚凡，并反悔不自首了，杨学武决定用自己做诱饵引江亚出手杀他，但是方木有了他的计划，于是杨学武配合方木的计划，自己制造出打人警察的舆论，穿了防弹衣在咖啡店与方木会面，让方木开枪打自己，假死帮助方木引出江亚。""}}],""properties"":{""seq"":34},""labels"":{""invalid"":""false""},""timestamp"":1693100507801}"
http://movie101.oss-cn-zhangjiakou.aliyuncs.com/movie/%E5%AE%AB%E9%94%81%E6%B2%89%E9%A6%99.mp4,宫锁沉香,"{""meta"":{""stats_length"":6622.912},""id"":""d20d474a-a3fe-4b37-bf8d-be1f775bdeae"",""items"":[{""meta"":{""type"":""ANONYMOUS"",""segment_range"":[747.429,749.505],""stats_length"":2.076},""id"":""cf152dbc-a0b9-4ea1-962f-1f0e3f68abf6"",""properties"":{""accept_meta"":{},""mark_by"":""LABEL""},""labels"":{""Role"":""沉香"",""Individuality"":""沉香是一个善良，为他人着想的女性，为爱可以无所畏惧，但却又不敢直面表达自己的爱意"",""Identity"":""小时候被太监领进宫去，结识了幼年好友琉璃跟春寿，三人亲密无间，成为了非常要好的朋友，长大后，沉香无意间碰到了十三阿哥，两人心生情愫，却被好友琉璃替代，最后终成十三福晋，沉香为了姐妹情谊于是忍了下来，面对相爱的人却不能去爱，独自承受这些苦痛，反观自己的好友琉璃，不但不再履行自己当初的誓言，反而对沉香跟春寿责罚，为了逼迫沉香与十三阿哥不再见面，毒打春寿以此威胁沉香，世态炎凉，最终沉香还是克服苦难与十三阿哥在一起了。""}},{""meta"":{""type"":""ANONYMOUS"",""segment_range"":[1215.858,1216.5],""stats_length"":0.642},""id"":""fb7cb207-b721-49af-a1ea-7dd8ef994faa"",""properties"":{""accept_meta"":{},""mark_by"":""LABEL""},""labels"":{""Role"":""琉璃"",""Individuality"":""琉璃是一个极端自私并且为达目的不择手段的女性，在剧中心狠手辣，丝毫不念旧情。"",""Identity"":""琉璃幼时便在宫中当差，一次偶然结识了沉香，于是两人成为了好姐妹，自此二人形影不离，长大后为了权利的琉璃，主动向九阿哥示好，却没想到被对方戏耍，绝望之时，顶替了沉香成为了十三福晋，但也因为这样，她开始变的暴戾不安，一改往日面孔，对沉香，春寿也是下狠手，一面迎合十三阿哥，一面讨好九阿哥，殊不知这些事情都被沉香知道了，于是以春寿的性命来要挟沉香，最终九阿哥兵败，她为了活命，于是跟十三阿哥做交易，但是最终还是死在了箭雨之下。""}},{""meta"":{""type"":""ANONYMOUS"",""segment_range"":[1222.822,1223.758],""stats_length"":0.936},""id"":""a02800cb-4697-41d6-af01-34a655b089c0"",""properties"":{""accept_meta"":{},""mark_by"":""LABEL""},""labels"":{""Role"":""爱新觉罗·胤禟"",""Individuality"":""爱新觉罗·玄烨的第九个孩子，性格阴暗，城府很深，与妻子琉璃互相利用。为了夺得皇位，不惜一切代价。"",""Identity"":""作为九阿哥的爱新觉罗·胤禟，自小便于其他兄长争夺皇位，成年后与八阿哥属于同一阵营，对抗四阿哥，十三阿哥还有太子，与琉璃的偶遇开始了他构陷十三阿哥的开始，假意利用琉璃帮他从十三阿哥那里探取情报，又离间沉香与琉璃的感情，以十八阿哥之死构陷太子整日无所事事，从而让皇帝废除了太子，还在狩猎大会上，根据琉璃提供的情报设计陷害十三阿哥，最终带兵逼宫，但是由于四阿哥棋高一着，自己最终兵败，被押入宗人府。""}},{""meta"":{""type"":""ANONYMOUS"",""segment_range"":[1357.367,1361.755],""stats_length"":4.388},""id"":""6cb5c4f3-9d8f-472f-b0e4-c73047c74819"",""properties"":{""accept_meta"":{},""mark_by"":""LABEL""},""labels"":{""Role"":""爱新觉罗·胤祥"",""Individuality"":""开朗善良，面对是非有自己的决断，并且有勇有谋，在爱情方面也是毫不畏惧，为爱可以迎万难。"",""Identity"":""自幼生活在军中，琴棋书画样样精通，而且还精于骑射，皇上非常喜爱，与四阿哥想共同辅佐太子，实现自己的伟大抱负，与沉香的邂逅使他爱上了这个女子，但却被琉璃李代桃僵，自己错爱了琉璃，因为被九阿哥构陷，失去了皇上的信任，而且眼睛也瞎了，软禁在了宗人府，因为沉香长期照顾自己，两人感情升温，最后却因为四阿哥的一番话，导致两人关系破裂，最终一切的谜团解开，自己意识到了错误，寻求沉香的原谅，最后两人冰释前嫌，最终长相厮守。""}}],""properties"":{""seq"":6},""labels"":{""invalid"":""false""},""timestamp"":1692871786761}"
http://movie101.oss-cn-zhangjiakou.aliyuncs.com/movie/%E4%BD%95%E4%BB%A5%E7%AC%99%E7%AE%AB%E9%BB%98.mp4,何以笙箫默,"{""meta"":{""stats_length"":6470.2},""id"":""29b525d7-7abc-4b55-ab57-402c1e1a28c2"",""items"":[{""meta"":{""type"":""ANONYMOUS"",""segment_range"":[1862.506,1907.012],""stats_length"":44.506},""id"":""330dbd8c-adba-426c-bf05-ef958805d015"",""properties"":{""accept_meta"":{},""mark_by"":""LABEL""},""labels"":{""Role"":""何以琛"",""Individuality"":""何以琛是个自律内敛、沉着冷静、理智客观，但对待上爱情十分倔强执拗，是为爱执着苦等七年的人。"",""Identity"":""何以琛是法学院的高材生，因女朋友赵默笙的父亲是间接导致自己父母双亡的仇人而拒绝一起去美国深造，也因此两人异地，被迫分手。在赵默笙留学的七年里，何以琛时刻都在惦念对方。他在钱夹里放赵默笙的照片，即便是醉酒后也不接受其他女孩的告白，种种迹象都在表明时间并未磨损他仍爱她的心。赵默笙回国后，他纠结又克制，在得知赵默笙这段时间也一直爱着他时终于释然，大胆跨越父母亡故和七年爱情长跑的过去，与赵默笙修得爱情正果。""}},{""meta"":{""type"":""ANONYMOUS"",""segment_range"":[4903.972,4920.857],""stats_length"":16.885},""id"":""1fd053bc-8199-49fe-9daf-cb2e1a7ed419"",""properties"":{""accept_meta"":{},""mark_by"":""LABEL""},""labels"":{""Role"":""赵默笙"",""Individuality"":""赵默笙是个自信大方、纯真善良、乐观勇敢、独立自强、不卑不亢的人，虽情路坎坷，但她为爱情可以不顾一切。"",""Identity"":""赵默笙在大学时代对何以琛一见倾心，率真活泼的她直接倒追何以琛成功，就在两人情浓时刻，一次不得不走的出国留学斩断了两人的关系。赵默笙出国后不久家里就出事了，父亲去世，她不能联系朋友更不能联系何以琛，她凭借自己的能力打工赚钱，自己在美国争夺小嘉的抚养权，无奈经济条件有限，抱着试试看的心态写信给她曾经资助过的应晖，并与应晖协约结婚。但赵默笙始终都爱着何以琛。回国后两人互通心意，七年爱情长跑终于修成正果。""}},{""meta"":{""type"":""ANONYMOUS"",""segment_range"":[4955.552,5008.526],""stats_length"":52.974},""id"":""3087bd51-827b-487c-bbd3-2eed99216d4c"",""properties"":{""accept_meta"":{},""mark_by"":""LABEL""},""labels"":{""Role"":""应晖"",""Individuality"":""应晖是个自强不息、睿智大度的人，对别人的滴水之恩当涌泉相报，商业上运筹帷幄，感情上却是一个失败者。"",""Identity"":""应晖因被女友劈腿而一气之下去国外寻求更好的发展。在身处困境时，赵默笙的500美元为他奠定了最初的启动资金，撑过了最艰难的时期。功成名就之时，赵默笙写信寻求帮助，他立即伸出援手，将曾经500美元滴水之恩当涌泉相报。为了帮赵默笙争夺小嘉的抚养权，两人协约结婚，但应晖却在长期相处中单方面爱上了赵默笙。在见证赵默笙对何以琛的真心后，决定将当时协约结婚、赵默笙在国外的生活等实情告知何以琛，并主动退出这段关系。""}}],""properties"":{""seq"":4},""labels"":{""invalid"":""false""},""timestamp"":1692952563160}"
http://movie101.oss-cn-zhangjiakou.aliyuncs.com/movie/%E6%81%B6%E6%A3%8D%E5%A4%A9%E4%BD%BF.mp4,恶棍天使,"{""meta"":{""stats_length"":7461.571},""id"":""baca4627-973f-43f9-a4c4-3b57a701ed1d"",""items"":[{""meta"":{""type"":""ANONYMOUS"",""segment_range"":[405.252,418.53],""stats_length"":13.278},""id"":""0721b016-04c0-4a9c-89fa-04fd51b13c13"",""properties"":{""accept_meta"":{},""mark_by"":""LABEL""},""labels"":{""Role"":""莫非里"",""Individuality"":""莫非里是一名专业讨债人，能打，性格暴躁无赖，有义气，会因为噪音而头疼，却心思缜密"",""Identity"":""莫非里是一名专业的讨债人，他因为一场车祸与查小刀认识，在折耳根的提议下拉查小刀入伙，在接到一个帮助讨要拖欠工资的任务后，他们经历很多，莫非里也知道了折耳根一直在欺骗他，在与折耳根吵过一架后，觉得事情在不可控的方向发展，打算把工资交付结束任务，但却被花总手下拦截，随后工资被折耳根偷走，就当他放弃这个任务时，却又因为查小刀加入进去，在偷账本的过程中产生感情，最后莫非里与旅馆的人一起推到花总拿回拖欠工资""}},{""meta"":{""type"":""ANONYMOUS"",""segment_range"":[1029.934,1041.619],""stats_length"":11.685},""id"":""405e8ad9-7bfb-4091-ba05-6a551696fa96"",""properties"":{""accept_meta"":{},""mark_by"":""LABEL""},""labels"":{""Role"":""折耳根"",""Individuality"":""折耳根是所有人眼中的神医，但他却是一个自私，无耻，满眼是钱，为了利益欺骗兄弟的人"",""Identity"":""折耳根是一个假的心理神医，与莫非里是同伙，又是莫非里与查小刀的医生，在剧中一直都是为莫非里接取任务的存在，在医馆看见查小刀的简历后看中了查小刀的数学天分，靠催眠手段欺骗查小刀加入莫非里团队，在查小刀揭穿自己欺骗莫非里后，与莫非里大吵一架后，欺骗郭思思打开莫非里房门偷走三百多万，为了在吉经理手下自保出卖莫非里，最后被花总抓住，在劝说莫非里时企图逃跑被吉经理拦下，与莫非里查小刀和旅馆的人一起推翻花总。""}},{""meta"":{""type"":""ANONYMOUS"",""segment_range"":[1183.629,1205.184],""stats_length"":21.555},""id"":""e085fac0-c5e8-4fb9-8a55-0fed8e5b8c66"",""properties"":{""accept_meta"":{},""mark_by"":""LABEL""},""labels"":{""Role"":""查小刀"",""Individuality"":""查小刀是一名博士学位的会计，古板且不懂变通的人，单纯容易受到欺骗，但数学天赋极高"",""Identity"":""查小刀是一名博士学位的会计，精通数学，在被莫非里撞后，进入折耳根的医院，在医院里与莫非里认识，后被折耳根催眠欺骗加入莫非里的讨债队伍，在与莫非里参与讨回拖欠工资的任务里遇到很多困难，因为没有钱去跟母亲借钱，在莫非里的帮助下与母亲化解矛盾，渐渐的对莫非里产生感情，在独自去偷账本时遇到来帮助的莫非里，与莫非里在楼顶一起跳舞并待了一晚，在最后偷偷进入废工厂被抓，被莫非里救出，与莫非里一起推到花总要回工资""}},{""meta"":{""type"":""ANONYMOUS"",""segment_range"":[3743.96,3766.091],""stats_length"":22.131},""id"":""cf5bbd62-0bc1-47b5-8b84-56085835b798"",""properties"":{""accept_meta"":{},""mark_by"":""LABEL""},""labels"":{""Role"":""花总"",""Individuality"":""花总是尼斯迪幕后的老板，看似随和，做事心狠，为了拿回三百万不择手段，但不敢杀人。"",""Identity"":""花总是空壳公司尼斯迪的幕后老板，因为拖欠老员工工资，被莫非里讨债，在游戏厅失去三百多万后，让手下去找伊万诺夫·拉只拉库兜里对付莫非里，在每次抢回的钱都是假的后非常生气，得知钱在折耳根手里后，命令手下去旅馆大闹抓走郭思思询问折耳根的下落，终于在折耳根那里找到了失去的三百万，但公司的违法账本却被莫非里他们偷走，为了拿回账本用三百万与郭思思他们跟莫非里换取账本，最后在与莫非里与查小刀他们的对峙中被推翻。""}}],""properties"":{""seq"":8},""labels"":{""invalid"":""false""},""timestamp"":1693106509912}"
http://movie101.oss-cn-zhangjiakou.aliyuncs.com/movie/%E4%B8%80%E5%87%BA%E5%A5%BD%E6%88%8F.mp4,一出好戏,"{""meta"":{""stats_length"":8003.58},""id"":""ed9291da-b7cc-4464-8b2b-5ff8c13f1c29"",""items"":[{""meta"":{""type"":""ANONYMOUS"",""segment_range"":[439.113,444.765],""stats_length"":5.652},""id"":""008b81b2-2a99-4e50-b3c4-9eed87044510"",""properties"":{""accept_meta"":{},""mark_by"":""LABEL""},""labels"":{""Role"":""马进"",""Individuality"":""马进是一个卑微平凡但乐观向上的人，他不因别人的冷嘲热讽而妄自菲薄，也不因他人的一时抬高而迷失自己。"",""Identity"":""马进在公司团建途中发现买的彩票中奖。但还未来得及回去兑奖，一场意外将车内所有人困在一个偏僻的小岛上，并被告知他们可能是世界上最后的人类。马进不相信这一说法，苦于兑奖日期将近，无奈独自探索小岛、被张继强利用来拉拢人心，醒悟后与表弟小兴离开群体，但兑奖日期已过，失去梦想的马进决心在这个小岛上重新开始。但当一切向好发展时，却发现了游轮经过，他阻止了表弟骗取张继强钱财，在纠结后选择告诉同事们发现游轮的事情，使得大家最终获救。""}},{""meta"":{""type"":""ANONYMOUS"",""segment_range"":[1161.095,1167.553],""stats_length"":6.458},""id"":""24375fc6-09ed-4789-933a-230641ff7afb"",""properties"":{""accept_meta"":{},""mark_by"":""LABEL""},""labels"":{""Role"":""王根基"",""Individuality"":""王根基是一位年轻气盛、热情豪爽、朴实善良，动手实践能力强，野外生活经验丰富的司机兼导游。"",""Identity"":""王根基是本次公司团建开车的司机兼导游。他是退役军人，其良好的心理和身体素质促使他即便困于荒岛也没有颓废哀叹，而是第一时间探索整个小岛，寻找到可以保证基本生活的食物和淡水。他是这个岛上人们推举出的第一位领袖，在称呼从“小王”变成“王”中迷失了自己，他用管理动物的方式带领群众，引发很多人不满。在马进卷土重来时放下权力，乐得轻松。在发现船后反被小兴和马进诬陷为精神失常。结尾与马进合作计划点燃庇护所来吸引过往船只，最终获救。""}},{""meta"":{""type"":""ANONYMOUS"",""segment_range"":[1265.768,1271.065],""stats_length"":5.297},""id"":""8a36980c-c18d-4fbc-a5cc-2093f2271386"",""properties"":{""accept_meta"":{},""mark_by"":""LABEL""},""labels"":{""Role"":""张继强"",""Individuality"":""张继强是一位自视清高，足智多谋，重视家人的老板。他勇于开拓新环境，为看一眼女儿可以抛却全部资产。"",""Identity"":""张继强原本是即将上市的公司老板，但因一场意外与全车人一起被困在偏僻的荒岛。即便落魄但心中总觉得应该站在领导层去指点江山。他与王根基理念不合，就以智取胜，离间原本的团体，筹划自己的小帮派，并建立起一套严谨成熟但并不公平的物品交换体系。欺骗马进和小兴为自己“打工”，实际上是为了给自己谋取利益。后在马进小兴脱离团体卷土重来时，为了看一眼女儿之前唱歌的视频而选择妥协，并写下承诺书将名下资产全部无条件转赠给马进和小兴。""}},{""meta"":{""type"":""ANONYMOUS"",""segment_range"":[6467.676,6478.214],""stats_length"":10.538},""id"":""b58bf265-c06e-49b6-8efe-63f62ab395bd"",""properties"":{""accept_meta"":{},""mark_by"":""LABEL""},""labels"":{""Role"":""吴姗姗"",""Individuality"":""吴姗姗是一个温柔美丽、单纯善良、冷静自持的女性。虽经历过一段失败的婚姻，但不失爱人的能力。"",""Identity"":""吴珊珊是一位美丽动人的强大女性。被困于荒岛时，不抱怨环境也不埋怨天命，积极地与他人合作度过这段危险时期。不凭借自己的姿色去获取某种“便利”。被困荒岛之前对马进的百般示好无动于衷，被困后看到马进善良担当的良好品质，选择义无反顾地去爱去相信，在众人面前大胆表白。影片后段，面对马进纠结逃避关于亲密关系的态度，她仍在接到火把的一刻选择“再相信一次”去点燃庇护所，以吸引过往船只。获救后在荒岛上留下等待马进醒来。""}},{""meta"":{""type"":""ANONYMOUS"",""segment_range"":[7138.765,7148.541],""stats_length"":9.776},""id"":""03224997-7080-4841-ad74-9380a68f06a5"",""properties"":{""accept_meta"":{},""mark_by"":""LABEL""},""labels"":{""Role"":""小兴"",""Individuality"":""小兴是一个单纯老实、沉默寡言、心思细腻、睚眦必报的人。当知道世界还存在时，被利益冲昏了头脑。"",""Identity"":""小兴是马进的表弟兼跟班，对马进言听计从。困于荒岛后马进说要划船出去，他就做了一个简易皮筏艇，两人冒着生命危险渡海未果，原路返回。当脱离团体后，凭借自己半吊子的技术，和马进合作弄了台发电机，让手机能够播放以往的视频。在一切生活逐渐变好时，发现游轮，发现世界还在的秘密，在利益和野心的驱使下他用张继强女儿的视频威胁张继强，让对方“自愿”写承诺书将所有资产转让给自己和马进，后被马进阻止，也因此受刺激过大而失忆。""}}],""properties"":{""seq"":13},""labels"":{""invalid"":""false""},""timestamp"":1693104299251}"
http://movie101.oss-cn-zhangjiakou.aliyuncs.com/movie/101%E6%AC%A1%E6%B1%82%E5%A9%9A.mp4,101求婚,"{""meta"":{""stats_length"":6098.884},""id"":""18f66695-50f5-4cf3-bab9-74ebb6ebe4e7"",""items"":[{""meta"":{""type"":""ANONYMOUS"",""segment_range"":[219.937,227.726],""stats_length"":7.789},""id"":""fc88afbb-2aa0-42a0-8548-e5b3cb836cd4"",""properties"":{""accept_meta"":{},""mark_by"":""LABEL""},""labels"":{""Role"":""黄达"",""Individuality"":""黄达，长相、事业平平，是一个老实的包工头，当代名副其实的“屌丝”，一心想要结婚。"",""Identity"":""黄达是一个相貌平平，老实的包工头，一事无成。多年来一直在为了结婚而相亲，但相亲九十九次仍未成功。黄达在第一百次相亲时因为误会遇见了叶熏，阴差阳错地成为了叶熏的救命稻草。黄达在追要拖欠的施工款时遇见叶熏，因为叶熏帮忙追回被拖欠的施工款与叶熏开始了交际，在与叶熏的相处过程中，被其善良和美貌打动，对叶熏产生了好感，黄达开始追求叶熏，在许卓出现后黄达选择退出，最后鼓起勇气登上舞台用歌声向叶熏表达爱挽回叶熏""}},{""meta"":{""type"":""ANONYMOUS"",""segment_range"":[951.583,965.928],""stats_length"":14.345},""id"":""7e0038f4-6aa0-417e-8b09-9063cb43d949"",""properties"":{""accept_meta"":{},""mark_by"":""LABEL""},""labels"":{""Role"":""叶熏"",""Individuality"":""叶薰，温柔，举止优雅，长相和气质绝美的“白富美”，不擅长拒绝他人，也不伤害他人。"",""Identity"":""叶熏是一个乐团出色的大提琴手，自多年前婚礼当天未婚夫许卓车祸逃婚离开后，所以她长久以来都不愿提及感情。闺蜜桃子担心叶熏的感情生活，一心想为她做媒介绍男友。不想在桃子安排的一场相亲局上，叶熏遇到黄达，黄达阴差阳错的成为了叶熏的救命稻草。为感激黄达，叶熏帮他要回了被拖欠的工程款。叶熏在与黄达的相处过程中，被黄达的关心产生情感，在许卓回来的时候内心受到煎熬，看见黄达在电视上的演唱，确定心意与黄达在一起。""}},{""meta"":{""type"":""ANONYMOUS"",""segment_range"":[1548.125,1562.458],""stats_length"":14.333},""id"":""da7a6e6c-27c5-46d7-8de8-d0dbb8a96c3c"",""properties"":{""accept_meta"":{},""mark_by"":""LABEL""},""labels"":{""Role"":""桃子"",""Individuality"":""桃子，为人大气，活泼，平易近人，为朋友着想，为叶薰担心的人，也会为朋友出谋划策。"",""Identity"":""桃子是叶熏的闺蜜，总是因为担心叶熏的感情生活，想为她做媒介绍男友。不想在安排的一场相亲局上，使叶熏遇到了黄达，在跟黄达说出叶熏以前的事情后，使叶熏与黄达的感情得以发展，在黄达需要的时候给予帮助还会透露叶熏的爱好，在叶熏感情上遇到问题时给出计策，桃子一直都在为叶熏与黄达之间的感情付出，在叶熏未婚夫出现时还为黄达开导内心，在叶熏内心煎熬时给予重要的帮助，让叶熏确定内心，在她的帮助下叶熏与黄达走到了一起""}},{""meta"":{""type"":""ANONYMOUS"",""segment_range"":[3916.637,3933.101],""stats_length"":16.464},""id"":""9de1ca42-dd5b-4e33-bb40-437ef16fa39c"",""properties"":{""accept_meta"":{},""mark_by"":""LABEL""},""labels"":{""Role"":""许卓"",""Individuality"":""许卓，是一个不敢面对现实，自私，自利，为了自己内心的软弱而欺骗他人，但本质不坏。"",""Identity"":""许卓是在日本与叶熏相识相恋，在海滩上以邻海别墅的钥匙与叶熏求婚，与叶熏相恋六年却在结婚当天出车祸逃婚，伤害到叶熏的心，在多年后以车祸失忆为理由重新回到叶熏身边，企图与黄达抢夺叶熏，他以能给叶熏更美好生活为理由使黄达自愿退出，顺利与叶熏订婚，但是他不顾叶熏感受私自作出决定令叶熏生气产生了感情裂缝，在与叶熏结婚当天因为黄达的舞台节目，导致叶熏与自己坦白，他也坦白没有失忆欺骗了叶熏，使叶熏确认感情逃婚。""}}],""properties"":{""seq"":1},""labels"":{""invalid"":""false""},""timestamp"":1693105296098}"
http://movie101.oss-cn-zhangjiakou.aliyuncs.com/movie/%E5%85%AB%E5%8D%A6%E5%AE%97%E5%B8%88.mp4,八卦宗师,"{""meta"":{""stats_length"":6358.48},""id"":""ed3f40b7-95b2-4483-95e6-45f2417c0e36"",""items"":[{""meta"":{""type"":""ANONYMOUS"",""segment_range"":[517.94,529.581],""stats_length"":11.641},""id"":""4bb9cf05-ee6a-49bf-875c-e8e4f023d161"",""properties"":{""accept_meta"":{},""mark_by"":""LABEL""},""labels"":{""Role"":""罗管家"",""Individuality"":""罗管家是一个对胡家忠诚的管家，机敏而坏点子多心事缜密，且又欺软怕硬，遇事就躲暗算别人。"",""Identity"":""罗管家辅佐着胡家少爷强抢民女雪莲仗着胡家在朝廷势力大无恶不作，给胡少爷出鬼主意附和着胡少爷胡作非为，被董海川制止，他们找了高手想要杀掉董海川但不料高手纷纷落败，于是在在夜里偷偷抢了雪莲杀死了董海川师父，后被董海川找到，他们把董海川两人堵在山崖边罗管家挟持雪莲威胁董海川，雪莲为救董海川中刀又与胡少爷发生争执三人都摔下山崖，罗管家连忙回府告知少爷死了，多年后终于又发现了董海川找衙门捉拿，临近砍头，罗管家得意的笑了""}},{""meta"":{""type"":""ANONYMOUS"",""segment_range"":[2343.545,2362.927],""stats_length"":19.382},""id"":""86ecadd9-f7aa-4001-ac19-60d0054bb888"",""properties"":{""accept_meta"":{},""mark_by"":""LABEL""},""labels"":{""Role"":""董海川"",""Individuality"":""董海川天资聪颖，再加上努力坚持，家传武艺一点就通，这为他今后的高超武艺打下了坚实的基础。"",""Identity"":""董海川随其叔董宪周学得一身好武功，爱锄强扶弱，行侠仗义，访名师拜高人，博学天下武林绝学。后于九华山，得高人碧云道长传艺，期间与师妹雪莲相知相恋，一番悲欢离合，生离死别后，董海川为情终身不娶。董海川自创“游身八卦连环掌”。 艺成下山，侠游塞外。搭救四王爷，两人结拜为江湖兄弟。 独自来到京城发展，路见不平搭救紫云格格。后被萧王爷看中聘为护院总管总教习，董海川在八国联军的华洋国际武术大赛中，打败“世界功夫团”俄/法高手，扬国威振奋民族精神，咸丰皇帝大悦，亲笔御题“八卦宗师”墨宝，此后董海川开宗主派，门徒千百，成为一代八卦宗师！""}},{""meta"":{""type"":""ANONYMOUS"",""segment_range"":[2490.156,2510.419],""stats_length"":20.263},""id"":""a8f47c2d-823a-433f-839c-03b233b6d851"",""properties"":{""accept_meta"":{},""mark_by"":""LABEL""},""labels"":{""Role"":""紫云格格"",""Individuality"":""紫云格格是一个心直口快，有些蛮横但心地善良，听信谗言去多次追杀董海川说明是个有毅力的人。"",""Identity"":""紫云格格在师父这里修行了十年，下山到饭馆吃饭遇到了把肉全包下来的董海川，心中很是愤怒决定和董海川争夺肉价高者得，但是越说越恼火便跟董海川打了起来，深知董海川手下留情便问及对方姓名，回到王府闲聊得知胡大人儿子身亡是董海川所害，心中的怒火袭来，于是向父王请示想去打败董海川，多次找到董海川和他打架但是都无济于事，后来在比武后救被父王带回家做管家，格格这才缓和了两人之间的关系便不计前嫌，后得知自己的身世。""}}],""properties"":{""seq"":18},""labels"":{""invalid"":""false""},""timestamp"":1692943754071}"
http://movie101.oss-cn-zhangjiakou.aliyuncs.com/movie/%E5%88%BA%E5%AE%A2%E8%81%82%E9%9A%90%E5%A8%98.mp4,刺客聂隐娘,"{""meta"":{""stats_length"":6326.997},""id"":""46b0790b-224b-4501-825c-ee9ca757b488"",""items"":[{""meta"":{""type"":""ANONYMOUS"",""segment_range"":[95.11,135.828],""stats_length"":40.718},""id"":""d092b8d5-7747-4c89-ae15-bd3bc4ab2a68"",""properties"":{""accept_meta"":{},""mark_by"":""LABEL""},""labels"":{""Role"":""聂隐娘"",""Individuality"":""聂隐娘是一个爱憎分明,表情冷酷,武艺高强，善于隐藏，她的情感同样隐藏得很深。聂隐娘脸上总是冷冰冰的。"",""Identity"":""聂隐娘年少时被送往道姑那里，在道姑的培养下聂隐娘成了一位武功高强的刺客。在一次执行任务时，聂隐娘因对方身边有孩子而动了恻隐之心，没有下手。道姑得知此事后，表示聂隐娘功夫已成，但道心仍不坚决，便把她送回家，让她杀死表哥以消除恻隐之心。\n聂隐娘的母亲告诉她如果杀了田季安一定会使魏博陷入大乱。聂锋在护送田兴的途中遭到了元氏家族的暗杀，而聂隐娘及时赶到并与偶遇的磨镜少年一同将聂锋和田兴救下。\n聂隐娘已下定决心不杀田季安以保魏博的太平。""}},{""meta"":{""type"":""ANONYMOUS"",""segment_range"":[1326.271,1340.565],""stats_length"":14.294},""id"":""cafe5d10-9e93-42f4-9b28-361f589ac1ba"",""properties"":{""accept_meta"":{},""mark_by"":""LABEL""},""labels"":{""Role"":""田季安"",""Individuality"":""田季安这个人生活放纵，“击鞠从禽，酣嗜欲”，在处理藩镇事务时非常随意，“惟务侈靡，不恤军务，屡行杀罚”。"",""Identity"":""田季安因为庶出，为了稳定自我地位，迎娶洛州刺史之女为正妻。一方面，唐王朝这边，大权旁落，对于藩镇魏博，欲除之。但势力衰微，则拉拢魏博，派公主和亲，安插势力党羽可见一斑。另一方面，年轻的藩镇势力中，爱恨交加、虎视眈眈。此外，在魏博势力中，田季安的正妻更不是省油的灯，当年，元氏投靠田氏家族，是有政治野心的，时刻想取田氏，而代之。以三年之前活埋事件为由，派聂锋护送。半夜跑去田元氏处，言之三年活埋旧事不能重演，巧妙的暗示了田兴在路上，让田元氏(精精儿)与隐娘互相搏杀，以取渔翁之利。""}},{""meta"":{""type"":""ANONYMOUS"",""segment_range"":[2992.054,3032.78],""stats_length"":40.726},""id"":""f0ff95f3-2151-4ad3-a9b6-dc2a4bb974ca"",""properties"":{""accept_meta"":{},""mark_by"":""LABEL""},""labels"":{""Role"":""田元氏"",""Individuality"":""田元氏，一个识大体，懂全局，手段狡诈，比较有野心的女人，并且还是一个顶尖高手。"",""Identity"":""田元氏从最初的嫁到魏博家田氏家中，就一直在暗中积累力量，欲取而代之田氏。女人得不到不夫君的宠爱，选择谋权，也并非易事。\n田元氏深知田季安不爱自己，所以每次田季安来，都会叫上孩子们一块，与夫君共享天伦，试图用孩子牵制住夫君，也达到成效。当得之瑚姬怀孕，欲用侍鬼之术一-纸人杀人。东窗事发，田季安前来问罪时，随有子护，母以子贵，仍面不改色。更何况田季安那种懦弱的性格，事情也不了了之。""}}],""properties"":{""seq"":10},""labels"":{""invalid"":""false""},""timestamp"":1692166288303}"
http://movie101.oss-cn-zhangjiakou.aliyuncs.com/movie/%E5%A4%A7%E9%B1%BC%E6%B5%B7%E6%A3%A0.mp4,大鱼海棠,"{""meta"":{""stats_length"":6035.16},""id"":""8370eba6-ed64-492d-9496-a27472adde00"",""items"":[{""meta"":{""type"":""ANONYMOUS"",""segment_range"":[1172.192,1222.662],""stats_length"":50.47},""id"":""ce2875e4-b5df-4899-ae72-cc57e4ec14e8"",""properties"":{""accept_meta"":{},""mark_by"":""LABEL""},""labels"":{""Role"":""椿"",""Individuality"":""椿是无私善良的、也是自私盲目的，她为了救一个人，做出的牺牲不仅使自己陷入绝境，也间接连累了他人。"",""Identity"":""椿，掌管着海棠花的生长，母亲凤期望她能像自己一样独当一面。成人礼游历，是椿初踏人间，遇险后人类男孩因救她而死，她怀着愧疚与感激的心。椿为了复活少年跟灵婆交换寿命换回了少年的灵魂与他性命相连。好友湫不离不弃地陪伴着她，跟她一起秘密的养着灵魂化成的鱼。椿保护着被视为不祥之物的鲲。为村子带来灾难，她幡然醒悟，化成海棠树解救族人，湫为她换回寿命，由灵婆把鲲带来的海棠枝复活，最后在湫的无私奉献的帮助下跟着鲲去到人间。""}},{""meta"":{""type"":""ANONYMOUS"",""segment_range"":[3670.315,3693.393],""stats_length"":23.078},""id"":""97fc0fb5-3448-4639-9291-557258d69064"",""properties"":{""accept_meta"":{},""mark_by"":""LABEL""},""labels"":{""Role"":""湫"",""Individuality"":""湫是一个无私奉献的人，是由奶奶抚养长大的，没有父母。他负责管理秋风。无所畏惧，内心最怕让亲人受苦。"",""Identity"":""湫和椿是青梅竹马的伙伴，得知椿秘密养着鱼，决定保密并给鱼起名，无条件支持椿，帮椿找到被扔掉的鲲，知道了椿为换回鲲失去了一半的寿命看着椿受苦于心不忍决定去找灵婆换回椿的灵魂，湫作为天神，他为了椿背叛了身份，偷了龙王面具想要给椿和鲲送到人间，失败后，海水倒灌灾难来临，他依旧支持椿，湫试探问椿，向她委婉道出心意，在知道椿一直把他当哥哥之后，伤心难掩，整理好心情后再次开启海天之门，把鲲和椿送到人间湫也付出了生命。""}},{""meta"":{""type"":""ANONYMOUS"",""segment_range"":[1645.178,1687.652],""stats_length"":42.474},""id"":""7c83eba3-165a-4486-a52a-251c092d412f"",""properties"":{""accept_meta"":{},""mark_by"":""LABEL""},""labels"":{""Role"":""灵婆"",""Individuality"":""灵婆是一个商人带有几许幽默、温情、真情和悲悯，是一个诚信的智者，认为有些过错造成的伤害永远无法还清"",""Identity"":""灵婆掌管所有死去人类的灵魂，住在北冥的如升楼里，与猫为伴，看守通天阁。椿找到灵婆是为了复活男孩，而灵婆也明确的告诉了椿她可以做到，只是需要付出一定的代价最后用椿剩余的寿命来换取鲲的复生。灵婆交给她人类男孩的灵魂，又把椿的灵魂放进装满灵魂的罐里跟椿交代了注意事项。湫又来找到灵婆请求灵婆换回椿的寿命，灵婆同样交易并告诉他帮助椿的方法，预算到之后会发生的事在桥边早早等着鲲来找并复活椿，待湫消散后救回了湫。""}}],""properties"":{""seq"":9},""labels"":{""invalid"":""false""},""timestamp"":1692684446222}"
http://movie101.oss-cn-zhangjiakou.aliyuncs.com/movie/%E5%8D%B3%E6%97%A5%E5%90%AF%E7%A8%8B.mp4,即日启程,"{""meta"":{""stats_length"":5768.096},""id"":""c07cfe3e-edf2-4a48-b664-701d7c36ffc0"",""items"":[{""meta"":{""type"":""ANONYMOUS"",""segment_range"":[279.462,293.056],""stats_length"":13.594},""id"":""36d5bcbc-b566-4fad-b99e-552aca1b51e1"",""properties"":{""accept_meta"":{},""mark_by"":""LABEL""},""labels"":{""Role"":""老崔"",""Individuality"":""老崔是一个胆小、重情、善良、小男子气、老古板、乐于助人的人，也是个妥妥的老实人。"",""Identity"":""老崔本想发笔洋财回国，但没完成就被逼着回国离婚。他只想赶快回到塞浦路斯，因为他与人合开的中餐馆就要被合伙人卖掉。\n老崔好心送小夏回家，被小夏误当坏人赶出家门。为了讨回丢失行李和护照，老崔中了咣咣的圈套。原来大宝黑了哥们咣咣、老五，从债主装修经理处抢来的一笔美金，躲了起来。小夏故意藏起老崔的护照，并要求老崔帮助自己拿回赃款。老崔和小夏拿到了赃款，发现钱是假的。相处中，小夏被忠厚的老崔感动，她主动把护照还给老崔，让他尽快离开这场是非。\n装修经理为了追回藏有秘密的假币，绑架了夏，要挟老崔。为救小夏老崔毅然返回。自己却被装修经理等人逼到墙角，危机时刻，警方及时赶到救下老崔和小夏，并警方顺藤摸瓜，一举破获了唐金山预谋两年之久的盗窃某博物馆国宝案。""}},{""meta"":{""type"":""ANONYMOUS"",""segment_range"":[1176.983,1204.694],""stats_length"":27.711},""id"":""8bad283c-a6e7-4913-8844-bbb0cdf296c0"",""properties"":{""accept_meta"":{},""mark_by"":""LABEL""},""labels"":{""Role"":""夏天"",""Individuality"":""夏天是一个泼辣，心思多端，机灵鬼马的人，但同时也是一个心存善良的人，她在电影中虽不是一个好人，但也不是个坏人。"",""Identity"":""夏天是一个心思多端、机灵鬼马的人，小夏被人追是时拦住车拿到劫持老崔威胁司机，后来被善良的老崔救下送回家里，她看老崔人老实踏实就想利用他，来给自己办事，老崔的弱点就是护照，小夏藏在了自己的靴子里，让他给自己取钱，谎称可以用钱换护照，老崔慌忙之间办错了事，进错了房间柜子打不开还把人家柜子给弄坏了，没拿到钱还拿到了一把手枪，两人商议让小夏回去放枪拿美金，小夏成功放下枪拿回美金，两人发现美金是假的，小夏为此事还被男友暴打，伤心之下把护照还给老崔自己哭晕过去，老崔卖掉自己的玉坠子救下了小夏，小夏很感动，老崔准备离开时接到电话小夏被绑架，他义无反顾的返回来救小夏，最后小夏主动选择跟他在一起。""}},{""meta"":{""type"":""ANONYMOUS"",""segment_range"":[1025.372,1058.835],""stats_length"":33.463},""id"":""fd54d992-dc58-4706-a43a-9905cebaa1e7"",""properties"":{""accept_meta"":{},""mark_by"":""LABEL""},""labels"":{""Role"":""群头"",""Individuality"":""群头在剧组担任群头，是老崔的好友，对朋友热心，性格豪爽，在老崔遇到困难后两次帮助好友老崔脱险。"",""Identity"":""因为群头是一个演员，在开头老崔回国与前妻离婚后，他以一个打劫的形象吓老崔，从而带着老崔去喝酒，后来老崔因为小夏的事儿进警局也是由好友群头保释出来的，当老崔和小夏二次去洗浴中心拿美金并放真枪时也是群头替老崔出主意的，再到后来帮助老崔换护照却因为喊开始喊早了帮了倒忙，而引发了一系列啼笑皆非的事儿，但最后在老崔和小夏被咣咣和大宝绑架时还是帮助他们脱困了，总之群头在电影中是一个热心肠，性格豪爽，且为朋友帮忙帮到底的人。""}}],""properties"":{""seq"":23},""labels"":{""invalid"":""false""},""timestamp"":1692685526511}"
http://movie101.oss-cn-zhangjiakou.aliyuncs.com/movie/%E5%92%B1%E4%BB%AC%E7%BB%93%E5%A9%9A%E5%90%A7.mp4,咱们结婚把,"{""meta"":{""stats_length"":7585.042},""id"":""b54fb58b-efaa-462f-9361-6ba191989723"",""items"":[{""meta"":{""type"":""ANONYMOUS"",""segment_range"":[365.944,372.841],""stats_length"":6.897},""id"":""c90b5152-d395-4d74-9eaa-83f540d09260"",""properties"":{""accept_meta"":{},""mark_by"":""LABEL""},""labels"":{""Role"":""凌霄"",""Individuality"":""一个有幽默感的飞行员，表面恐婚，难搞，不羁，其实是一只披着狼皮的羊  一旦被征服，则浪漫酷帅，坚贞不渝。"",""Identity"":""女朋友顾小蕾是飞机安检人员，聪明漂亮、活泼机灵，男朋友凌霄是一名飞行人员，幽默风趣又帅气有型。和男友凌霄恋爱三年的顾小蕾，一直希望能够和凌霄步入婚姻的殿堂。可是凌霄却是个“恐婚男”一听到结婚两个字，就会转移话题，不愿再聊下去。凌霄总是逃避结婚的态度让女友顾小蕾气愤不已，决定让找父母来劝导凌霄和她结婚。\n某一天，凌霄睡醒后，看到自称是顾小蕾父母来到他们住的房间，要求凌霄和顾小蕾结婚并且让他签写结婚保证书以此逼婚。""}},{""meta"":{""type"":""ANONYMOUS"",""segment_range"":[728.537,736.506],""stats_length"":7.969},""id"":""3f55a5c8-517c-46ea-8ca7-e4e30d1c9f81"",""properties"":{""accept_meta"":{},""mark_by"":""LABEL""},""labels"":{""Role"":""文艺"",""Individuality"":""一个热衷于小提琴梦想的一个小姑娘，与男友七年之痒却是一个集中热爱于自己的提琴事业，然而男友的不理解却成为他们七年的一个隔阂。"",""Identity"":""经历了七年的恋爱长跑，一心想成为小提琴手的文艺，却在异国遇到了他乡遭遇心仪的神秘男子李想。一纸婚约与甜蜜心动，化作一场三的爱情角力，然而在异国遇到卢卡的她，被卢卡的个人魅力和理解所打动，正应了那句卢卡说的，你是为了成为一个小提琴手，还是喜爱小提琴给你带来的音乐，文艺五味杂陈觉得这个男子是她心里心仪的男生，但是跟长达七年的男友她也没法做到移情别恋。然而回到男友身边的文艺却每每都会想到卢卡的身影，也会幻想着跟卢卡一起在异国的日子。""}},{""meta"":{""type"":""ANONYMOUS"",""segment_range"":[953.179,967.73],""stats_length"":14.551},""id"":""83d3c6cf-8d77-495b-a42d-eb3411c603b9"",""properties"":{""accept_meta"":{},""mark_by"":""LABEL""},""labels"":{""Role"":""田海心"",""Individuality"":""事业心强，是一个靠自己就不会靠别人的全能女强人。性格暴躁因为早些年她的母亲跟父亲离婚给她造成了阴影觉得任何事自己能来就不会去靠男人。"",""Identity"":""女强人田海心是一个事业心极强的人，当然脾气自然也是很暴躁。作为跟她朝夕相处的老公曹大鹏她更多的是不想在她谈生意的时候老公总是说烤鸭的事情 会让别人看他的笑话。然而田海心的意外怀孕打破了他想去高档酒店当总经理的事情，为了这个总经理田海心想瞒着丈夫曹大鹏私自打下这个孩子，田大鹏知道后与田海心吵了一架声称如果打孩子就离婚，这句话把田海心的怒气全逼发了出来，这事之后也惊动了双方父母，在曹大鹏和田海心的补办婚礼上田大鹏真情流露让女强人田海心也放下了总经理的职务，只想做个全职太太。""}}],""properties"":{""seq"":25},""labels"":{""invalid"":""false""},""timestamp"":1692685797918}"
http://movie101.oss-cn-zhangjiakou.aliyuncs.com/movie/%E5%A6%96%E9%93%83%E9%93%83%E4%B8%8A.mp4,妖铃铃上,"{""meta"":{""stats_length"":2654.377},""id"":""2e635f76-0b80-41b3-ac3a-ef951a4c0c21"",""items"":[{""meta"":{""type"":""ANONYMOUS"",""segment_range"":[463.906,492.142],""stats_length"":28.236},""id"":""1d9d4390-a8cc-48b8-a903-0e0ece3f9e7c"",""properties"":{""accept_meta"":{},""mark_by"":""LABEL""},""labels"":{""Role"":""王保健"",""Individuality"":""一个抠抠搜搜，对感情专一的人，老实善良，经常会把自己的内心想法说出来。"",""Identity"":""繁华的城市中心高楼环绕，中间有一栋破旧的老楼孤零地耸立着，这个危楼叫萌贵坊。富商欲收购萌贵坊进行重建，在收购萌贵坊的过程中有四家住户不肯搬离萌贵坊，虽然每户不肯搬迁的理由不一样但是想要留下来的目标是一样的，这也使得他们团结对外抵抗拆迁。\n为了让萌贵坊的住户离开徐天宇让他的两个小弟扮鬼吓唬萌贵坊的住户，企图通过害怕的方式让住户离开。\n其中一户住户王保健领着一个不说话的儿子，王保健留下来的理由是希望有一天王保健的不说话儿子能开口说话。\n""}},{""meta"":{""type"":""ANONYMOUS"",""segment_range"":[518.437,533.386],""stats_length"":14.949},""id"":""e79fc88b-1fd7-45de-8260-0919dfa974d3"",""properties"":{""accept_meta"":{},""mark_by"":""LABEL""},""labels"":{""Role"":""阿仁"",""Individuality"":""为人讲十分义气，有耐心，遇见事情敢拼敢搏，但做事情冲动只会直来直去不会动头脑。"",""Identity"":""繁华的城市中心高楼环绕，中间有一栋破旧的老楼孤零地耸立着，这个危楼叫萌贵坊。富商欲收购萌贵坊进行重建，在收购萌贵坊的过程中有四家住户不肯搬离萌贵坊，虽然每户不肯搬迁的理由不一样但是想要留下来的目标是一样的，这也使得他们团结对外抵抗搬迁。\n为了让萌贵坊的住户离开徐天宇让他的两个小弟扮鬼吓唬萌贵坊的住户，企图通过害怕的方式让住户离开。\n其中一户住户阿仁不肯搬离萌贵坊的理由是自己是过气的古惑仔而且在萌贵坊居住很安心，没有人知道他在这，不会有以前的仇人找上门来。\n""}},{""meta"":{""type"":""ANONYMOUS"",""segment_range"":[1281.489,1291.562],""stats_length"":10.073},""id"":""de7ffa8c-74e0-486b-8ba5-16c02d811541"",""properties"":{""accept_meta"":{},""mark_by"":""LABEL""},""labels"":{""Role"":""金金玲"",""Individuality"":""表面上是一个给人感觉十分贪钱而且胆小怕事的人，但是她的内心却是一个为人善良，而且重情重义的人。"",""Identity"":""金金玲江湖人称玲姐，是萌贵坊请来捉鬼的捉鬼达人，在金金玲来到萌贵坊捉鬼的过程中发现鬼是徐天宇的两个小弟张勇敢和赵电炮扮演的，目的是为了让萌贵坊的住户害怕从而搬出萌贵坊，由于徐天宇觉得小弟张勇敢和赵电炮办事不利决定亲自出马扮鬼吓人，但是金金玲已经发现鬼是扮演的，于是金金玲联合了萌贵坊的居民反捉弄起了徐天宇和他的两个小弟张勇敢和赵电炮，但没想到吓人不成反被捉弄吓的落荒而逃而两个小弟也被萌贵坊的居民抓住。""}}],""properties"":{""seq"":29},""labels"":{""invalid"":""false""},""timestamp"":1692583730588}"
http://movie101.oss-cn-zhangjiakou.aliyuncs.com/6963491699926499871-4.mp4,我不是药神,"{""meta"":{""stats_length"":6972.011},""id"":""d47edab8-06ef-4f88-bd3a-4ddbddcab1ae"",""items"":[{""meta"":{""type"":""ANONYMOUS"",""segment_range"":[211.313,240.631],""stats_length"":29.318},""id"":""6ad913c2-e36e-4ce1-92e0-6ceac29d1a0c"",""properties"":{""accept_meta"":{},""mark_by"":""LABEL""},""labels"":{""Role"":""程勇"",""Individuality"":""程勇是一个贩卖印度神油的小商人，他市侩、自私、对妻子家暴，自私自利、欺软怕硬。但是后来重拾善良本性，帮助他人，有担当。\n"",""Identity"":""      亲爹病重需要筹备手术费，前妻移民索要儿子的抚养权。一天，邻居介绍了一位白血病重病患者吕受益，苦求程勇帮忙走私印度合法生产的低价格列宁。这时程勇父亲突发血管瘤，必须马上手术。随后各种压力接踵而来，程勇决定前往印度购买便宜药，向药厂厂长表示希望用批发价购买药物，而厂长要求程勇要在一个月卖掉拿到的药才能拿下代理权。进展并不顺利，程勇和吕受益奔波各医院推销药物，却一无所获，这时吕受益找到病友群的群主刘思慧帮忙推销给各医院的病患，于是低价药在病患内部低调销售起来。为了获得代理权，程勇找到了了身患白血病的刘牧师。买不起药偷药的黄毛彭浩被程勇堵截，见彭浩仗义程勇决定收留他，组成了卖药队伍。随着低价药流通越来越广，程勇拿下了代理权，也被正版药的医药代表盯上。程勇前妻的弟弟警察曹斌调查此事，发现盗版低价药并不是假药真的能治病，而局长却说走私的没进医疗手册的就是假药。""}},{""meta"":{""type"":""ANONYMOUS"",""segment_range"":[562.328,579.711],""stats_length"":17.383},""id"":""b60cae6e-65bb-416f-a222-64e182fbd01e"",""properties"":{""accept_meta"":{},""mark_by"":""LABEL""},""labels"":{""Role"":""吕受益"",""Individuality"":""吕受益从一开始出现的形象带给我们是一个猥琐、瘦弱、软弱的直观印象，经过一些事发现他是有思想、有见地的男人，为人和善、有情有义\n"",""Identity"":""慢粒白血病患者，  。重疾患者，十分小家子气，每次见面都会请大家吃橘子。他闯入程勇的神油店，用一个点子给程勇带来有限商机，也给自己带来无限生机，两人建立了深厚友谊。程勇和吕受益奔波各医院推销药物，却一无所获，这时吕受益找到病友群的群主刘思慧帮忙推销给各医院的病患，于是低价药在病患内部低调销售起来。买药一事因他而起，但最终程勇决定停止卖药，将药的售卖权交由张长林，张长林逃窜后再度陷入买不起高价药的泥潭，病情进入到无可挽回的地步，最后因为不想继续连累家人而自杀身亡，也是他的死亡促使程勇决定改变。""}},{""meta"":{""type"":""ANONYMOUS"",""segment_range"":[1454.819,1468.803],""stats_length"":13.984},""id"":""7ef3e513-f2a6-4ba1-8748-178491ae93f3"",""properties"":{""accept_meta"":{},""mark_by"":""LABEL""},""labels"":{""Role"":""刘思慧"",""Individuality"":""刘思慧因为自己女儿的白血病，不得不到处求医帮助女儿。说明她是一个有责任心、有魅力、豪爽的女人，同时也是一个个性特别强的女人，也是特别有主见的一个人。"",""Identity"":""刘思慧是一个单亲母亲，而她的女儿正是一位慢粒白血病患者。孩子的爸爸知道孩子得病之后就跑了。程勇和吕受益在卖药的过程中，两人发现病人们通过一些QQ群相互联系，他们找到了某病友群的群主刘思慧，想通过刘思慧来推销药品。她的女儿是白血病患者，为了给她的女儿治病，杨思慧在一家酒吧里当跳舞女郎。作为好几个病友群的群主，杨思慧是知道印度格列宁的，她在试用印度格列宁后，发现确实有效，在她的推动下，印度格列宁打开了销路。""}}],""properties"":{""seq"":35},""labels"":{""invalid"":""false""},""timestamp"":1693101805464}"
http://movie101.oss-cn-zhangjiakou.aliyuncs.com/movie/%E5%AD%94%E5%AD%90.mp4,孔子,"{""meta"":{""stats_length"":7504.042},""id"":""7874b640-d584-4d2f-97f5-8a055e3744ac"",""items"":[{""meta"":{""type"":""ANONYMOUS"",""segment_range"":[949.757,973.751],""stats_length"":23.994},""id"":""c202d07f-dca7-4bd9-81f2-1c5eff5fc0ed"",""properties"":{""accept_meta"":{},""mark_by"":""LABEL""},""labels"":{""Role"":""季孙斯"",""Individuality"":""他虽然霸道暴戾，吃生肉，养鹰啄人眼球，但他在表面上不是一个为所欲为的人，他暗使权谋，借刀杀人。"",""Identity"":""在电影中，季氏看到自己的城墙被削后，心情一定是十分激动和恼火，然而他却抓起一撮沙，接着闭上眼，松开手，让土随风飘扬。季孙斯脸色一使，托付手下人，黯然下了一计，以鲁王的名义托人给了孔子一块碎玉，口中碎念：“孔子只要见了此物便知道该怎么做。电影中多年后，多国暴乱，鲁国也不稳定，这时季孙斯想起了孔子，国危思将，国难思相，不得不想到多年前被齐国蒙骗，驱走孔子，想邀请回孔子。又怕孔子不回，先去请了徒弟，后在季孙斯去世前，让儿子亲自去迎孔子回国。""}},{""meta"":{""type"":""ANONYMOUS"",""segment_range"":[2352.844,2409.825],""stats_length"":56.981},""id"":""1af51955-d059-422f-9e7b-b824587a71d0"",""properties"":{""accept_meta"":{},""mark_by"":""LABEL""},""labels"":{""Role"":""南子"",""Individuality"":""南子有美色，亦有胆识和谋略，感觉是一个才华与美色很兼具的人格。举手投足一颦一笑，行走间的亦是端庄大方。"",""Identity"":""史学界对南子的评价是“美而淫”，但从周迅演的南子身上看不出淫只有铺天盖地的美。\n她把南子的美人之名演的实至名归，举手投足一颦一笑，行走间的环佩清脆之声...有美一人 清扬婉兮。“子见南子”一幕只有短短5分钟，但却是整部电影的点睛之笔。南子美貌动于天下，民间传言“美且淫”，婚前曾与宋国国君的男宠公子朝私通，后嫁给卫灵公。卫灵公年长南子三十岁，为讨南子欢心，又把公子朝接到卫国陪侍南子。南子不仅美貌，得君王宠爱，而且具备很强的理政能力，并有卓越的见识、深厚的文化和很高的悟性""}},{""meta"":{""type"":""ANONYMOUS"",""segment_range"":[2875.222,2910.33],""stats_length"":35.108},""id"":""c52fe7f5-f670-4243-90de-5901046ff72c"",""properties"":{""accept_meta"":{},""mark_by"":""LABEL""},""labels"":{""Role"":""鲁定公"",""Individuality"":""作为鲁国国君，运筹帷幄、豪迈洒脱，成就孔子又放逐孔子，在亦正亦邪、时勇时怯间呈现双面君王本色。总的来说正邪兼备，时勇时怯"",""Identity"":""鲁定公作为鲁国国君，在鲁国列位君王中算最开明最大胆的君王，他大胆重用孔子等多位有识之士，并提升孔子为大司寇，给孔子实施治国之举、实现政治抱负提供广阔平台，此为鲁君之勇；但之后迫于三恒压力，鲁君为明哲保身，只好对孔子避而不见，直接导致孔子对政治心灰意冷，从此周游列国、游说主张，此为鲁君之怯。鲁定公当时已成为“三桓”傀儡，是名副其实的虚君，想和势力强生的“三桓”抵抗已经是太晚了。后鲁定公大权旁落再无选择，孔子也被逼离开，周游列国，后无疾而终。""}},{""meta"":{""type"":""ANONYMOUS"",""segment_range"":[3635.779,3702.22],""stats_length"":66.441},""id"":""e058cd3e-7748-4b0e-8dde-1c743185dd85"",""properties"":{""accept_meta"":{},""mark_by"":""LABEL""},""labels"":{""Role"":""孔子"",""Individuality"":""孔子是中国古代的思想家，教育家，儒家创始人。电影中孔子希望用他超越时代的思想和智慧来影响春秋诸国的历史进程。"",""Identity"":""孔子受到鲁定公赏识，从中督宰晋升为大司寇，这让他得以实行自己的以礼治国的执政理念。但是，三桓独霸朝纲，也让孔子感受到了重重阻力。他因阻止季孙斯家奴免受陪葬，而与之结怨。他随鲁定公赴齐国会盟，与齐景公和大夫黎鉏斗智斗勇，维护了鲁国的利益，讨回三城，因此出任代国相。他提出隳三都的政策，引发佞臣谋反，在平叛之后，季桓子假传圣旨，罢黜了孔子。从此，孔子率颜回、子路等弟子开始游历各国。在卫国，孔子得到卫灵公的尊重，获俸粟6万石。他见到了卫灵公的夫人南子，并在交谈中展现了正气凛然的君子风范。""}}],""properties"":{""seq"":33},""labels"":{""invalid"":""false""},""timestamp"":1692520085451}"
http://movie101.oss-cn-zhangjiakou.aliyuncs.com/movie/%E5%A4%AA%E6%9E%811%E4%BB%8E%E9%9B%B6%E5%BC%80%E5%A7%8B.mp4,太极1从零开始,"{""meta"":{""stats_length"":5887.594},""id"":""68692a6c-4117-4191-9554-f857e24c76f8"",""items"":[{""meta"":{""type"":""ANONYMOUS"",""segment_range"":[125.117,149.964],""stats_length"":24.847},""id"":""2dd46481-be41-4d9c-8a2a-2e90215dc200"",""properties"":{""accept_meta"":{},""mark_by"":""LABEL""},""labels"":{""Role"":""杨露禅"",""Individuality"":""杨露禅身世可怜，但性子直率，一根筋，认定一件事就干到底，并且天真正直，口头禅是“什么情况”"",""Identity"":""杨露禅从小头生肉角，是三花聚顶的天赋，被天理教老赵收为徒弟。后因三花聚顶由红入紫，命不久矣，又逢天理教覆灭，去陈家沟欲学拳治病。可陈家沟拳法不外传，杨露禅几番求拳不得果，但仍未放弃，始终欲求得陈家拳。在陈家沟一次次挨打中，凭借天赋有样学样的，学了几式，而陈家沟又面临了危机。方子敬想要在陈家沟修建铁路，而陈家沟人不愿动民居和祖坟，最终大动干戈，在杨露禅的帮助下，最终令方子敬一方无功而返，守住了陈家沟。而杨露禅最终也与陈玉娘成亲，得以有资格学习陈家拳。""}},{""meta"":{""type"":""ANONYMOUS"",""segment_range"":[1336.052,1356.122],""stats_length"":20.07},""id"":""7046b94c-f48a-4e04-9bc6-5b9790ff9bbd"",""properties"":{""accept_meta"":{},""mark_by"":""LABEL""},""labels"":{""Role"":""陈玉娘"",""Individuality"":""陈玉娘是一个巾帼不让须眉的形象，性格刚强，开放能接受新鲜事物，但又些许保守遵循传统"",""Identity"":""陈玉娘与方子敬从小指腹为婚，一同回村，希望推进铁道项目，后因三叔祖等长辈反对铁道项目，不希望动民居和祖坟，与方子敬渐行渐远，后又见方子敬与克莱尔亲近，并强行对村子进行拆毁，与方子敬决裂反目。在一次次驱赶杨露禅的过程中，逐渐不再反感杨露禅，而又在联手摧毁特洛伊的过程中，对其产生了一定好感，在决战中杨露禅又帮她挡了一颗子弹。最终，在解决了陈家沟的危机之后，决定与杨露禅成亲，以解决外姓人不能学拳的问题。""}},{""meta"":{""type"":""ANONYMOUS"",""segment_range"":[1955.749,1987.084],""stats_length"":31.335},""id"":""17886190-d44c-4085-b682-8de7357c27d9"",""properties"":{""accept_meta"":{},""mark_by"":""LABEL""},""labels"":{""Role"":""方子敬"",""Individuality"":""方子敬心中敏感又有些自卑，这些从小周围环境造就的性格又令他性格极端，固执，希望证明自己"",""Identity"":""方子敬从小作为表亲外姓人在陈家沟长大，不能学拳，受人欺负，留洋归来之后希望凭借所学现代知识能令人刮目相看。但仍旧不被人重视，铁道项目也受阻不能推进。之后与克莱尔一同驾驶特洛伊欲强行拆毁陈家沟以铺设铁路，在这过程中与克莱尔逐渐亲密，走到一起。但在陈玉娘和杨露禅破坏特洛伊的过程中炸死了克洛伊，令方子敬伤心欲绝，誓要灭了陈家沟。最终即便找来官兵围剿陈家沟，仍被打退，身受重伤，还受到道台大人的呵斥与责骂。""}},{""meta"":{""type"":""ANONYMOUS"",""segment_range"":[3714.734,3729.321],""stats_length"":14.587},""id"":""d8a77b29-a2d7-4edb-965b-9d87f5de3b4f"",""properties"":{""accept_meta"":{},""mark_by"":""LABEL""},""labels"":{""Role"":""陈长兴"",""Individuality"":""陈长兴不拘于默守陈规，具有开放性，大局观，并且随性洒脱，对于新鲜事物有探索精神，又有些好玩乐的性子"",""Identity"":""陈长兴从杨露禅进村就开始关注他，并且时常神出鬼没的倒吊在房梁上关注村里发生的事。在杨露禅第一次晕倒后将其救起，劝说杨露禅离开，但后续却又暗中指点。在河边指点杨露禅用天赋在挨打时依葫芦画瓢去学，并且暗中帮助杨露禅打赢了豆腐哥。在杨露禅第二次昏迷醒来之后，对杨露禅说明村子危机，以学拳为诱饵，引导杨露禅去破坏特洛伊，并教导如何破坏特洛伊。在破坏特洛伊之后方子敬带兵围剿陈家沟，他又带领陈家沟人击退官兵，最后授意陈玉娘与杨露禅成亲，以救杨露禅。""}}],""properties"":{""seq"":27},""labels"":{""invalid"":""false""},""timestamp"":1692585210558}"
http://movie101.oss-cn-zhangjiakou.aliyuncs.com/movie/%E5%A6%96%E7%8C%AB%E4%BC%A0.mp4,妖猫传,"{""meta"":{""stats_length"":7745.333},""id"":""d0faf39c-b8d2-4bd0-b4a4-8602642bc501"",""items"":[{""meta"":{""type"":""ANONYMOUS"",""segment_range"":[169.123,190.015],""stats_length"":20.892},""id"":""08ee0bd3-cf6b-4fd9-b4de-214f737f165e"",""properties"":{""accept_meta"":{},""mark_by"":""LABEL""},""labels"":{""Role"":""白龙"",""Individuality"":""白龙是一个原则性很强的人，白龙的忠诚转化为执着的爱，最后转化为恨，被遗弃的孤独转化为怨毒。"",""Identity"":""白龙开始去陈云樵的家里复仇，陈家疯的疯，死的死，而后跟白乐天两人找到当时的老嬷嬷杀掉。杨玉环被施尸解大法被放入石棺之中，安放在了一个秘密的地方，白鹤少年前来营救，却发现杨玉环已经死亡，白龙无法接受事实，用自己作为引子把杨玉环的蛊毒将灵魂转入御猫的体内，成为妖猫。守护着杨玉环，就此也展开了复仇，最后，白龙又重新施展幻术，回味了最美好的极乐之宴，向丹龙解释了他的救赎，白龙最后还是接受了现实，安然死去。""}},{""meta"":{""type"":""ANONYMOUS"",""segment_range"":[433.938,448.961],""stats_length"":15.023},""id"":""9f449a59-5cba-45bb-a7d5-6f001f421cab"",""properties"":{""accept_meta"":{},""mark_by"":""LABEL""},""labels"":{""Role"":""空海"",""Individuality"":""空海是一个富有好奇心的高僧，对自己看透别人看不透的时候总有些小得意，性格活泼无论何时何地都会笑起来。"",""Identity"":""和尚空海和白乐天一同寻找杨贵妃之死真相的故事，空海一直面带微笑，他来大唐其实是为了寻找密宗。空海和白乐天在明，妖猫在暗，这里面有很多玄机，密宗是空海受师傅所托来寻找的，他在海上遇到风暴，旁边的妇人镇定自若，空海内心惶恐，他通过求教有所觉悟。空海寻找密宗，遇到阻碍，白乐天是空海的伙伴，杨贵妃的真相被揭开，空海也破解了密宗的秘密。空海虽然来大唐有他的目的，但是他不是坏人，妖猫在他的帮助下也放下了执念。""}},{""meta"":{""type"":""ANONYMOUS"",""segment_range"":[756.414,788.614],""stats_length"":32.2},""id"":""50191012-b158-4791-8d78-9b363c2e9125"",""properties"":{""accept_meta"":{},""mark_by"":""LABEL""},""labels"":{""Role"":""白乐天"",""Individuality"":""白乐天是一个性格桀骜不羁，行为举止又透着一股癫狂的神经质的诗人。是正直敢言的性格。"",""Identity"":""白乐天和空海一路追查，发现了妖猫会害人背后让人悲痛的真相，白乐天亲眼目睹了皇帝的暴毙，没有接受风邪这一说法，毅然辞官，在前朝皇宫内偷盗前朝妃子的信物。可随着案件的调查进一步深入，白乐天开始对自己心中的皇帝和妃子的爱情产生了怀疑，通过阿部的日记，他们回到了那场美轮美奂的极乐之宴。在得知真相后，白乐天是崩溃的，自己苦心歌颂的爱情故事尽然是如此不堪，由此白乐天终于，决定长，恨歌不改了，由此更胜李白一筹。""}},{""meta"":{""type"":""ANONYMOUS"",""segment_range"":[4833.579,4862.875],""stats_length"":29.296},""id"":""6f91d479-09c0-4e42-83ae-c374cb9b9d09"",""properties"":{""accept_meta"":{},""mark_by"":""LABEL""},""labels"":{""Role"":""杨玉环"",""Individuality"":""杨玉环是一个乖巧懂事体贴细心美丽的人，她的举手投足就是整个大唐的骄傲，她向往爱情却因爱情而死的人"",""Identity"":""长安城下灯火辉煌，烟花在天空绽放，杨玉环在群众的注视下荡起了秋千皇帝让所有人都看到她，人们在地上起舞欢畅，花萼相辉楼内更是一场奇妙的狂欢，狮子与众人共舞，池底幻化无数，空中飞人，白鹤双飞，盛景无处不在，可惜，好景不长，极乐之宴之后，安禄山起兵造反，皇帝带着杨玉环逃往蜀中，路经马嵬驿，皇帝禁军叛变，要求杀掉杨玉环才肯保皇帝周全，皇帝为求自保，设计欺骗杨玉环，使其被活埋，杨玉环在冰冷的石棺中孤独死去。""}}],""properties"":{""seq"":28},""labels"":{""invalid"":""false""},""timestamp"":1692686188887}"
http://movie101.oss-cn-zhangjiakou.aliyuncs.com/movie/%E5%8D%B1%E5%9F%8E.mp4,危城,"{""meta"":{""stats_length"":7226.53},""id"":""852c7f96-79b5-4969-b666-405f258e0601"",""items"":[{""meta"":{""type"":""ANONYMOUS"",""segment_range"":[268.346,307.116],""stats_length"":38.77},""id"":""34258263-8919-4b0c-9372-9a68343d7832"",""properties"":{""accept_meta"":{},""mark_by"":""LABEL""},""labels"":{""Role"":""马锋"",""Individuality"":""马锋是个浪人，外表不羁，一匹瘦马。他偶然走进普城，遇到一些事情，停下来参与了一些事情，再走开。只是一位故人的出现，使得他立场变得复杂。不过他内心从来澄明，很清楚自己要做什么。"",""Identity"":""马锋路见不平，救下了白玲和一群孩子，白玲想请他护送孩子们上京寻亲，被其拒绝后继续赶路。两人又在普城不期而遇，白玲和孩子们原来是从石头村逃出来的，投奔当时在普城的表哥。一天半夜一身穿白褂男子出现在普城内，被表哥热情招待，白玲认出他就是曹少鳞，不幸被其杀害。杨克难听到枪声，带人赶到时三人已倒地身亡，杨克难将曹少林绑到祠堂，准备第二天枪决他，却被曹家上校张亦阻拦，一天时间内必须放了曹少璘，不然就要屠城，马蜂因对白玲愧疚，决定送孩子们去投奔亲戚，走之前他去见了张亦，原来他们二人是师兄弟。使出计谋救出杨克难""}},{""meta"":{""type"":""ANONYMOUS"",""segment_range"":[1123.802,1166.939],""stats_length"":43.137},""id"":""d507a218-2c4e-4f65-883d-9d113270c75b"",""properties"":{""accept_meta"":{},""mark_by"":""LABEL""},""labels"":{""Role"":""杨克难"",""Individuality"":""他们家已经三代担当保卫团团长，是普城的最高领导人。他很固执。深明大义。即使大义需要众人的牺牲。他的格局高远，不为强权低头。人品与志气令人钦佩。"",""Identity"":""做好地保这一工作的标准就是这个职责字面上的意思，土地的保卫者。既能保护人们能够在这方土地安居乐业。而需要实现这一目标，杨克难就必须坚守这片土地的规矩，而这个规矩的顶端就是杀人偿命，所以他必须要惩治曹少璘，只有惩治了曹少璘，他才能完成作为一个地保的职责。但是这一次杨克难知道了想要做好一个地保不仅要守好规矩,还要遵循这片土地上的人情。以往他所相信的规矩之所以无往不利,不仅因为它们是正确的,更因为它们得到了民众的支持,顺应了人情。就像民众们不知道曹少磷身份时所表现的那样。""}},{""meta"":{""type"":""ANONYMOUS"",""segment_range"":[1717.308,1755.117],""stats_length"":37.809},""id"":""30ac21eb-08aa-4e5c-a75d-48ce811c8900"",""properties"":{""accept_meta"":{},""mark_by"":""LABEL""},""labels"":{""Role"":""曹少璘"",""Individuality"":""他觉得杀人只想好玩儿，他连自己的生死都可以玩，怎么会在意全城人的死活。曹少璘太好玩了。他杀了三个人，身上的白衣服都没有脏。"",""Identity"":""一言不合就杀人的病态心理很恐怖。杀人偿命，欠债还钱，根据法律法规，曹少璘自然应该被处死，可是，这时候剧情发生转折，首先是这位曹少璘的态度，从始至终都没有半点罪恶感和畏惧感，仍然一幅无辜且幸灾乐祸的样子。其次，曹少璘的身份被随后赶来的手下证实，他是军阀曹瑛的公子，这样，曹瑛不但没有被处死，还被晋城人当祖宗一样供起来。杀人者逍遥法外，无人敢惹，这样的世态让人非常失望，且曹少璘继续在晋城为所欲为，乡绅宴请他，因为多说几句话，他就把人给杀了，曹少璘已经陷入病态的疯狂里。""}},{""meta"":{""type"":""ANONYMOUS"",""segment_range"":[3328.863,3356.018],""stats_length"":27.155},""id"":""f8233b58-506e-464d-8281-7b0ecdaedaca"",""properties"":{""accept_meta"":{},""mark_by"":""LABEL""},""labels"":{""Role"":""张亦"",""Individuality"":""张亦从容的现实主义者并非恶人，只是已经跪下就站不起来了。年轻时当马锋要手刃贪官，他能顾忌到全镖局的兄弟"",""Identity"":""一个成熟的现实主义者予以我们这样的希望。上校张亦本来也是镖局一员，为了同门师兄弟，他知道不可逆反雇主所托，更不能因为所谓的不义和奸邪而调转枪头，把长枪指向官员。这恰恰是杨克难所说的法理，是职业道德。这种与师弟马锋的简单怒气上涌不一样，是一种成熟的考量。不幸的只是事态的发展非人所料，即便张亦不带人屠城，难不成杀了少帅的普城人民可以逃得过曹氏军阀的魔爪吗？现实的潮流本就如此，张亦给出的一天时间，本来就是给普城逃难的。""}}],""properties"":{""seq"":22},""labels"":{""invalid"":""false""},""timestamp"":1692767389693}"
http://movie101.oss-cn-zhangjiakou.aliyuncs.com/movie/%E8%AE%B0%E5%BF%86%E5%A4%A7%E5%B8%88.mp4,记忆大师,"{""meta"":{""stats_length"":7160.381},""id"":""b7b44871-b974-4e84-ad38-31d5a525e6f9"",""items"":[{""meta"":{""type"":""ANONYMOUS"",""segment_range"":[358.331,404.345],""stats_length"":46.014},""id"":""f2158426-bfdb-4008-977f-96065fbf96ce"",""properties"":{""accept_meta"":{},""mark_by"":""LABEL""},""labels"":{""Role"":""江丰"",""Individuality"":""江丰是善良的当江丰切断了记忆里所有的情感，性格也受新植入的杀人记忆影响变得越来越暴戾，但保护代晨仍然是他的本能。"",""Identity"":""江丰去记忆大师删除记忆，张代晨不希望离婚让他恢复记忆再次来到恢复记忆却拿错了凶手的记忆，他找到沈警官告诉他看到不属于他记忆的内容被暂时扣下，他想要找到杀人凶手也想要恢复原本属于自己的记忆，又害怕自己的妻子受到伤害，随着记忆越来越清晰江丰猜测是陈姗姗杀害了受害人，想让妻子远离她，最后回到记忆大师想要删除记忆看到了凶手是谁连忙去到记忆里的地址找到张代晨发现沈汉强的阴谋，警察及时赶来，最后和张代晨重归于好。""}},{""meta"":{""type"":""ANONYMOUS"",""segment_range"":[1104.142,1127.134],""stats_length"":22.992},""id"":""e55413ba-8af1-4d2c-8b46-6d4a702d822b"",""properties"":{""accept_meta"":{},""mark_by"":""LABEL""},""labels"":{""Role"":""沈汉强"",""Individuality"":""沈汉强是一个阴险的人从小的生活环境造就了他阴暗机智的性格够狠心，谨慎，能当上警察说明还是聪慧过人的"",""Identity"":""沈汉强是一个从小就看着母亲受苦的人不明白为什么母亲被家暴还不离开父亲于是下定决心毒杀了母亲让她不在受苦，长大后当了警察，去记忆大师那想要删除记忆却没想到和江丰拿错了记忆看到了江丰的记忆，同时也得知江丰看到了自己之前的往事，他杀了受害人的事情不能被暴露所以想要借机杀了江丰慢慢引导江丰让他认为凶手是陈姗姗，假装帮助江丰他让陈姗姗带着张代晨去老花房想要密谋嫁祸给江丰，但是由于江丰的记忆影响着他，最后不忍心下手，被警察抓获。""}},{""meta"":{""type"":""ANONYMOUS"",""segment_range"":[3495.768,3537.776],""stats_length"":42.008},""id"":""b7b2369e-4cff-4a7c-b981-93b556430ef4"",""properties"":{""accept_meta"":{},""mark_by"":""LABEL""},""labels"":{""Role"":""张代晨"",""Individuality"":""张代晨是一个重感情的人又被感情束缚的人果断且意志坚定的人，同时也害怕江丰的行为反应时代色彩"",""Identity"":""张代晨受到来自心理压力的伤害，张代晨本来也是个作家，为了做全职太太，停止了写书，自己同伴出书大卖，她喝了酒哭着问江丰，如果我没有嫁给你，如果我继续写书，会不会和朋友一样名扬天下。这问题江丰没法回答。提出了离婚然后想让江丰恢复记忆之后便得知江丰进了警局她去保释认识了陈姗姗本来没什么朋友的她在陈姗姗的安慰下去了音乐会但是被莫名其妙的江丰拉走，她害怕江丰做出的过激的行为，后来跟陈姗姗出去却进入沈汉强的圈套，脱险后和江丰重归于好。""}}],""properties"":{""seq"":30},""labels"":{""invalid"":""false""},""timestamp"":1693187674557}"
http://movie101.oss-cn-zhangjiakou.aliyuncs.com/movie/%E4%BE%A0%E7%9B%97%E8%81%94%E7%9B%9F.mp4,侠盗联盟,"{""meta"":{""stats_length"":6432.823},""id"":""56004e49-5052-4b00-be13-b8510ccf3a0f"",""items"":[{""meta"":{""type"":""ANONYMOUS"",""segment_range"":[2135.094,2152.243],""stats_length"":17.149},""id"":""86106145-48d6-4abd-9d05-bbc68bd3aa75"",""properties"":{""accept_meta"":{},""mark_by"":""LABEL""},""labels"":{""Role"":""张丹"",""Individuality"":""“多面帅盗”张丹既能敏捷迅速地飞檐走壁，讲诚信，心软。也能衣冠楚楚地出入拍卖酒会，温文尔雅，谈笑风，张丹重出江湖后，联手搭档小宝与叶红，跨越欧洲盗取稀世珍宝，潮盗天团中的“高智商”担当。"",""Identity"":""五年前，张丹在一次行动中被黑吃黑，结果失手被擒入狱。出狱后他将目标锁定在森之瞳、灵之泉、命之翼的宝物上，以此找出背后的黑手。森之瞳、灵之泉、命之翼组合之后是一件价值连城的GAIA，是上世纪西班牙皇室赠送给中国皇帝的礼物，后来被人分成三部分流落到海外。张丹跟伙伴先后获得了森之瞳和命之翼，还差灵之泉就凑齐了GAIA。张丹在刚叔手里拿到了入狱前的报酬，小宝劝他就此隐退，但张丹一心要找出幕后害他的人，于是三人又一起偷出了灵之泉。""}},{""meta"":{""type"":""ANONYMOUS"",""segment_range"":[2232.001,2242.683],""stats_length"":10.682},""id"":""537f0693-269a-4a49-a9b8-eccf44836e40"",""properties"":{""accept_meta"":{},""mark_by"":""LABEL""},""labels"":{""Role"":""叶红"",""Individuality"":""她可以是高端舞会上顾盼生姿的优雅女神，也可以是街头酒吧中充满朋克气质的女赌徒，还可以是街头偶遇的无辜少女，清纯、高贵、张狂等全然不同的气质在她身上毫无违和感。"",""Identity"":""加入两人只后就协同陈小宝二人拿到项链并成功带他逃脱，之后的任务成功靠近查理成功取得他的信任成功记录到古堡里的机关帮助张丹二人成功潜入古堡盗取灵之泉，被发现之后被陈小宝救出几人跑到山崖上，但是在金刚出现的时候众人才知道原来叶红是金刚手下的人，叶红说金刚之前就救过她的命，她帮助金刚挟持住几人又发现了陈小宝的监控，她在金刚去交易的时候找到陈小宝并把他压了上来，但只后发现金刚的阴谋悬着帮助主角团。""}},{""meta"":{""type"":""ANONYMOUS"",""segment_range"":[2248.295,2261.608],""stats_length"":13.313},""id"":""164cc4ff-1e03-482e-86fe-1f4039d8d3d0"",""properties"":{""accept_meta"":{},""mark_by"":""LABEL""},""labels"":{""Role"":""陈小宝"",""Individuality"":""作为一个黑客，小宝有着超高的智商，可以轻松破解任何技术难题，但是情商指数-140也暴露了他自恋、傻气的性格。舒淇在评价小宝这个角色时，就用“傻宅男”三个字精确地概括了他的特点。"",""Identity"":""黑入网络帮助张丹抹除身份，在混乱中找到项链位置破坏墙壁偷走项链和张丹二人会合，合，在几人潜入古堡的时候一人进入警卫室解决里面的警卫黑入电脑把古堡的安保系统全部关闭，在他黑入系统的过程中被击晕的警卫中途醒来和他打在一起并重新开启了安保系统，就在千钧一发之计陈小宝终于重新将警卫制服重新关闭安保系统帮助张丹潜入古堡，在得知金刚是背叛张丹的人帮助张丹一起救出账单的未婚妻并杀死金刚。""}}],""properties"":{""seq"":16},""labels"":{""invalid"":""false""},""timestamp"":1693200988400}"
http://movie101.oss-cn-zhangjiakou.aliyuncs.com/movie/%E5%A6%96%E9%93%83%E9%93%83%E4%B8%8B.mp4,妖玲玲下,"{""meta"":{""stats_length"":2654.157},""id"":""38dbb399-c1e7-48d8-9ef8-5c8fb29fda44"",""items"":[{""meta"":{""type"":""ANONYMOUS"",""segment_range"":[1957.897,1960.287],""stats_length"":2.39},""id"":""69f17e39-6aad-4802-9189-b36531d8f0ee"",""properties"":{""accept_meta"":{},""mark_by"":""LABEL""},""labels"":{""Role"":""徐天宇"",""Individuality"":""智商堪忧的徐天宇，他的父亲徐大富是一个十足的奸商，而他自己确实一个十足的傻子，对于他的父亲他却总是害怕。"",""Identity"":""无良地产商父子徐大富和徐天宇一心想争夺豪华CBD中一幢破旧居民楼“萌贵坊”的产权，但“萌贵坊”内仍存四户怪咖不愿搬出—神医王保健和他的儿子鸡丁民间发明家夫妇李菊花网红主播阿萍以及过气古惑仔阿仁和阿明，徐天宇想装鬼去吓唬居民楼里面的住户可没想到，居民楼里面的住户全都是怪人，几次折腾下来徐天宇被折腾不像样子，于是他老爹决定亲自出场，找了一个江湖骗子并许诺只要把那帮人弄出来就给他一大笔资金，徐天宇最后也是因为害怕把父亲和自己都送进了局子。\n""}},{""meta"":{""type"":""ANONYMOUS"",""segment_range"":[25.683,28.871],""stats_length"":3.188},""id"":""2b1f08c4-4233-4156-b66e-a476b79eecb8"",""properties"":{""accept_meta"":{},""mark_by"":""LABEL""},""labels"":{""Role"":""阿明"",""Individuality"":""过气的古惑仔与大哥阿仁一起闯荡，但是身为警察的他却只能成为卧底在大哥阿仁的身边，他心里十分的压抑，有时候都快忘了自己是不是个警察。"",""Identity"":""但“萌贵坊”内仍存四户怪咖不愿搬出—神医王保健和他的儿子鸡丁民间发明家夫妇李菊花网红主播阿萍以及过气古惑仔阿仁和阿明，阿明突然发现楼下出现大量的丧尸，并决定和邻居联手一起把丧尸赶出去，可最后才发现这一切都是徐大富的阴谋，阿明才想到最近朝夕相处的玲姐竟然是徐大富的卧底，十分的不敢相信，最后看到玲姐在大楼下挡住拆迁办强行不让拆楼打动了阿明决定和居民们一起和他把徐大富抓进去，徐大富最终也被自己的儿子出卖了，并徐大富和徐天宇都被依法处办。""}},{""meta"":{""type"":""ANONYMOUS"",""segment_range"":[1045.697,1051.541],""stats_length"":5.844},""id"":""b157deb0-ddaa-42fa-a1cc-59d46bdc0a96"",""properties"":{""accept_meta"":{},""mark_by"":""LABEL""},""labels"":{""Role"":""徐大富"",""Individuality"":""骗子？奸商？这对于徐大富来讲都是好听的 ，作为一个奸商徐大富就是为了自己的利益不择手段，完美的展示了什么叫真正的商人。"",""Identity"":""一心想争夺豪华CBD中一幢破旧居民楼“萌贵坊”的产权，但“萌贵坊”内仍存四户怪咖不愿搬出—神医王保健和他的儿子鸡丁民间发明家夫妇李菊花网红主播阿萍以及过气古惑仔阿仁和阿明，徐天宇想装鬼去吓唬居民楼里面的住户可没想到，居民楼里面的住户全都是怪人。徐大富的手段到底有多可怕，利用玲姐去把居民楼里面的人都吓出来然后再进行强行拆迁，不择不扣的手段令人发指，最后再玲姐设计的阎王殿被伏法可以被徐大富识破不过最后还是自己的而自己给自己出卖了。""}}],""properties"":{""seq"":31},""labels"":{""invalid"":""false""},""timestamp"":1692610073369}"
http://movie101.oss-cn-zhangjiakou.aliyuncs.com/movie/%E5%8A%A8%E7%89%A9%E4%B8%96%E7%95%8C.mp4,动物世界,"{""meta"":{""stats_length"":7818.915},""id"":""4a07a3b1-ed9c-4824-89a5-90c5374f3336"",""items"":[{""meta"":{""type"":""ANONYMOUS"",""segment_range"":[544.399,573.095],""stats_length"":28.696},""id"":""6ff6e56d-cecf-4637-a978-7773570ebcd7"",""properties"":{""accept_meta"":{},""mark_by"":""LABEL""},""labels"":{""Role"":""郑开司"",""Individuality"":""郑开司是一个固执，有责任心，软弱又热心，但又太容易相信人的人。他能坚守本心，坚守道德，坚守底线。"",""Identity"":""郑开司因被朋友欺骗而背负上数百万的债务，面对重病的母亲和痴心等待的青梅竹马，他决心登上“命运号”游轮，改变自己一事无成的人生。他在船上巧妙的利用各种计算帮助同伴一起度过了考验，获得了游戏的胜利，可最后郑开司却被抓进了小黑屋，原本一直等着同伴来救自己的郑开司等来的却是背叛，他狠狠教训了背叛了自己的胖子，也和发小一刀两断。回到医院后的郑开司找到了刘青，原本以为就能过上普通平淡的生活了，可游戏的规划者又找到了郑开司。""}},{""meta"":{""type"":""ANONYMOUS"",""segment_range"":[2459.066,2475.406],""stats_length"":16.34},""id"":""36a5546f-e1c2-4dca-bf44-9bccd0e795d9"",""properties"":{""accept_meta"":{},""mark_by"":""LABEL""},""labels"":{""Role"":""张景坤"",""Individuality"":""腹黑狡诈、笑里藏刀，此人为“狐狸”性格,性格狡诈、城府深沉，翻脸比翻书还快。"",""Identity"":""在郑开司刚上船迷茫的时候找到了郑开司，并利用拿捏人的心里和花言巧语加上作弊的手法赢了郑开司两颗星。在游戏所剩时间不多时再一次找到了郑开司，提出交易而被郑开司拒绝，郑景坤就提出“洗牌”使所有人包括郑开司不得不加入其中，最后被郑开司识破洗牌时的作弊手法，此时除了郑开司已经没人会跟郑景坤比了。张景坤和郑开司进行了最后的对决。而郑开司的条件是让张景坤拿5颗星作为条件才和他比，否则同归于尽，最终郑开司胜利，张景坤也是成功下船，但是这一次让他一分钱没挣到。""}},{""meta"":{""type"":""ANONYMOUS"",""segment_range"":[2966.192,2996.1],""stats_length"":29.908},""id"":""5c07bbeb-7270-41e3-b865-70fabf626d32"",""properties"":{""accept_meta"":{},""mark_by"":""LABEL""},""labels"":{""Role"":""李军"",""Individuality"":""李军有着狼性的贪婪、狠厉、自私、对金钱的渴望、身处绝境,都有可能将一个人的人性抹去。"",""Identity"":""李军因为被人骗了一笔巨款，因数额巨大，他没有办法通过正当途径还款，于是他想通过赌博的方式来翻身。他利用郑开司急于用钱的弱点，哄骗其将唯一的住房抵押了出去，贷了200万的贷款，李军正拿着这笔贷款去了澳门，不出意外的，李军输光了。后来上船与郑开司、孟小胖一起参与游戏，之后的三人，开始各种各样的进行努力最后，郑开司运用自己的聪明赢得了游戏。最后在郑开司需要被救的时候，刘军被孟小胖蛊惑而背叛，没有选择救郑开司，而是跟孟小胖一起卖星换钱。""}},{""meta"":{""type"":""ANONYMOUS"",""segment_range"":[3274.482,3304.872],""stats_length"":30.39},""id"":""0d969c6e-ff79-42c7-af93-341833e42abd"",""properties"":{""accept_meta"":{},""mark_by"":""LABEL""},""labels"":{""Role"":""孟小胖"",""Individuality"":""畏畏缩缩又略带贪婪，见利忘义和两面三刀，善于表现自己的软弱，对于威胁自己利益的人绝不手软，即使是朋友也不例外。"",""Identity"":""孟小胖最初登场是因为郑开司和刘军需要找一个没有牌而拥有两颗星的人。孟小胖表面接受郑开司的提议，背地里却偷了一张牌，在两人没有反应过来时拿着偷来的牌去进行游戏，最后输剩一颗星。被李军打一顿后不得已的情况下只能求着郑开司带他一起，靠着假身份博取到了郑开司的同情，随后与郑开司和李军一起参与游戏。之后的三人，开始各种各样的进行努力最后，郑开司运用自己的聪明赢得了游戏。最后在郑开司需要被救的时候露出了自己的獠牙，抢走剩下的星以及蛊惑李军和自己一起参与卖星。""}}],""properties"":{""seq"":20},""labels"":{""invalid"":""false""},""timestamp"":1692685403839}"
http://movie101.oss-cn-zhangjiakou.aliyuncs.com/movie/%E5%AB%8C%E7%96%91%E4%BA%BAX%E7%9A%84%E7%8C%AE%E8%BA%AB.mp4,嫌疑人X的献身,"{""meta"":{""stats_length"":6703.852},""id"":""9751a5e2-3690-4240-b6f4-f1423b83571b"",""items"":[{""meta"":{""type"":""ANONYMOUS"",""segment_range"":[388.129,410.265],""stats_length"":22.136},""id"":""962f0c0b-8c78-46dc-a34b-e17048a366d8"",""properties"":{""accept_meta"":{},""mark_by"":""LABEL""},""labels"":{""Role"":""唐川"",""Individuality"":""刑警学院的物理学教授，是警方的刑侦顾问，本与石泓自幼惺惺相惜，却因为骇人听闻的命案与石泓被迫走向对立。挣扎在情与法的纠葛里，矛盾而心痛。"",""Identity"":""他一出场时就站在演讲台上，举手投足间从容不迫，口中说着“高智商犯罪”，嘴边一抹气定神闲的微笑，让人觉得这对他而言不过轻而易举就能破解。到了台下时，一面用着天才的口吻说“不要总拿简单的问题打扰我”，一边耐心仔细地解答问题。分明就是一个傲娇又嘴硬的毒舌教授。他富有人情味，但更坚守原则。电影过半，我又像之前看原著时那样暗暗想着，如果真相不被揭开，就是最好的结局啊。可唐川把我从三观濒临崩溃的边缘扯了回来。“石泓，你为了掩盖这一切，亲手杀了一个无辜的人。""}},{""meta"":{""type"":""ANONYMOUS"",""segment_range"":[683.91,710.198],""stats_length"":26.288},""id"":""50c5eac6-6326-43cf-a329-09a60b381c57"",""properties"":{""accept_meta"":{},""mark_by"":""LABEL""},""labels"":{""Role"":""陈婧"",""Individuality"":""陈婧是整个故事的起因。她与女儿相依为命，这份母女情使得她在危局中不顾一切保护女儿，和邻居石泓之间又有着深挚却微妙的感情。"",""Identity"":""她在饭店老板带着女儿在这里读书，刚到新环境，每天微笑着和邻居们打招呼。原本想要结束自己生命的石泓，在见到她的到来仿佛重生了，每天去便利店点一样的套餐，观察每天进出家里的时间，他非常的想要去了解陈婧。如此细心的观察下，当有天晚上陈婧家里传来异常的声音时，他发现了这母女之间的秘密——陈婧和女儿失手杀了前夫，正处于慌张失措时石泓敲门。进来后帮他们处理了尸体，决定替她们隐瞒真相，并堵上一切护她周全，从此他们的人生命运交织在了一起。警察最终也没有实质的证据指向陈婧，于是打出感情牌把推理出的真相层层揭露出来给陈婧听，无法接受有人为自己顶罪的陈婧，最后选择了自首 。""}},{""meta"":{""type"":""ANONYMOUS"",""segment_range"":[1201.503,1230.438],""stats_length"":28.935},""id"":""4f96f02e-500a-437a-9f08-9991c130aaf2"",""properties"":{""accept_meta"":{},""mark_by"":""LABEL""},""labels"":{""Role"":""石泓"",""Individuality"":""天才数学家，石泓暗恋着美丽的邻居陈婧。为救失手杀了前夫的陈婧，石泓以缜密的逻辑思考设了一个绝妙的局，令警方无法知晓真相，与唐川被迫走向对立。"",""Identity"":""执着于专研谜题的石泓，有着极高的志向，然而世俗里的种种境遇困顿了他，这样的人才却没有施展之地，平淡无聊又没有温暖的环境，让他失去了活下去的信心，他想上吊结束自己的生命，然而陈婧母女的到来，仿佛黑暗里注入一缕阳光，让他重新拥有活下去的希望。石泓的命运，就像那片落叶，有过犹豫彷徨。他爱上了陈婧，却从不敢表白，那份爱卑微而又真诚。所以，当陈婧杀人后，他毫不犹豫地出来帮她，甚至在案件即将大白时，他还将自己伪装成变态跟踪狂，目的是让陈婧对他心生厌恶，而不对他感恩。""}}],""properties"":{""seq"":32},""labels"":{""invalid"":""false""},""timestamp"":1692769653272}"
http://movie101.oss-cn-zhangjiakou.aliyuncs.com/movie/%E5%8D%97%E6%9E%81%E4%B9%8B%E6%81%8B.mp4,南极之恋,"{""meta"":{""stats_length"":7043.24},""id"":""9f673a82-656b-4ca6-b7e7-72afbca160b7"",""items"":[{""meta"":{""type"":""ANONYMOUS"",""segment_range"":[125.764,143.231],""stats_length"":17.467},""id"":""79384134-31e0-4ef9-a99d-ea02f27cca9b"",""properties"":{""accept_meta"":{},""mark_by"":""LABEL""},""labels"":{""Role"":""吴富春"",""Individuality"":""吴富春是一个热情，有着人之常情的贪婪和软弱，但在善的驱使下，仍会冒着生命危险救下原本对他不友好的荆如意。同时他也是一个勇敢，坚强，不服输，重感情的人"",""Identity"":""一架飞往南极的私人飞机上，土豪吴富春就开始讲述此行来南极的目的，吴富春想在南极开展一个天长地基婚礼项目上市项目，平静的飞机突然遇到了，恶劣的暴风雪需要返航，机上人们陷入紧张和慌乱。在恶劣的气候下，飞机在迫降中坠毁了。在土豪吴富春苏醒之后看到的是飞机的残骸，自己也已近被甩出机舱外，他回到机内就救出了女主荆如意和已近奄奄一息的娜塔莎。紧张的救援后，飞机坠入冰层下，这时的娜塔莎也已经没有了呼吸。误打误撞两人遇到了一个废弃的科考站，围绕这个科考站开始了 富春的探索旅程。在一次的外出时候，富春跌入了冰缝中，在里面经历死亡声影的不断靠近，而如意等了两天富春还没回来自己选择了割腕了解自己，在强烈的求生欲望下，富春回到了地面，奔回科考站 拯救了自己也拯救了奄奄一息的如意。误打误撞两人遇到了一个废弃的科考站，围绕这个科考站开始了 富春的探索旅程。经历的50多天，两人的感情不断的发展，而如意也由于长时间没有VC的补充，患上了坏血症，两人相互诉说情话，在这个废旧的小屋刻下两人的爱情。最后一次的探索，富春终于到了科考站，带着救援人员去拯救如意，这是突入的雪崩让这个小屋淹没的大雪中，富春发疯一样的寻找，最终找到了如意。\n\n\n\n\n""}},{""meta"":{""type"":""ANONYMOUS"",""segment_range"":[149.584,161.799],""stats_length"":12.215},""id"":""0e74a082-1406-4a98-991b-ed880691bd1e"",""properties"":{""accept_meta"":{},""mark_by"":""LABEL""},""labels"":{""Role"":""荆如意"",""Individuality"":""女主角荆如意是一个美女学者,性格内敛,冰雪聪明，性格乐观开朗 ，坚强，不服输，不畏惧困难。学问较高，研究高空物理,如此冷门专业,就如同她的性格。"",""Identity"":""荆如意是高空物理学家，来南极只为了找欧若拉，听说那是无数少女的亡魂组成的极光，她带齐装备，却没想到被婚庆公司老板吴富春包机，于是飞机提前一天出发，半路遇上了暴风雨，两人成为幸存者，荆如意还砸伤了腿，吴富春根据荆如意的判断，一次次的出门找寻救援人员，荆如意留在补给站等他回来。极地环境异常恶劣，吴富春多次差点死去 ，极地环境异常恶劣，赵又廷多次差点死去 ，杨子姗留在原地为他担心受怕，因为他死了，她也活不了。留在原地为他担心受怕，因为他死了，她也活不了。两个人在房子里靠捕回来的鱼，剩下的快过期的罐头度日，日子一天天的过去，赵又廷每天都出去探路，但从未成功过。有一次，吴富春掉进海里，厚厚的冰面阻挡了他的路，但他为了活下去，跟随企鹅，终于游了上来，等他走回来时，脚都冻黑了。整个人都倒在地上，晕了过去。荆如意为了救他，脱了两人的衣服，抱在一起取暖。吴富春眼睛被雪刺伤，便用荆如意的胸罩挡住眼睛，两人由互相憎恶，变得亲密无间，只为了活下去。荆如意腿断了，没有及时治疗，内脏会越来越坏，后来会流鼻血，她知道自己活不下去了，她只希望吴富春活下去。最后在补给站，吴富春跪地求婚，给荆如意戴上了一个并不存在的戒指，两人私定终生，荆如意让赵又廷走，不要再回来，吴富春终有找到了救援人员，大雪盖住了补给站。吴富春又回到补给站找荆如意，但是荆如意已经去世了。""}}],""properties"":{""seq"":21},""labels"":{""invalid"":""false""},""timestamp"":1692776217730}"
http://movie101.oss-cn-zhangjiakou.aliyuncs.com/movie/%E5%85%A8%E5%9F%8E%E7%83%AD%E6%81%8B.mp4,全城热恋,"{""meta"":{""stats_length"":5599.937},""id"":""d9917ab3-8e0a-48d1-81b9-e7bb934e2986"",""items"":[{""meta"":{""type"":""ANONYMOUS"",""segment_range"":[106.6,117.143],""stats_length"":10.543},""id"":""c45e4609-9fff-424d-bf7a-be9b3464245d"",""properties"":{""accept_meta"":{},""mark_by"":""LABEL""},""labels"":{""Role"":""阿威"",""Individuality"":""跑马地修理冷气的小子，因气温暴升，工作量大增，夜夜加班时总会在同一路上遇上位飙电单车的女郎。女郎次次挑衅他，但他驾的是绵羊仔，每次追至同一个回旋转，便总被摆脱掉。"",""Identity"":""一个修理冷气的小伙阿威和机车女孩叮当怎么看都不是一路人。叮当表面上看起来个性张扬却心地善良，外强中干。她让阿威去假装婆婆的儿子，为老人的内心送去一份真诚的安慰。但是，阿威的执着与真挚，却打动了这个总在伪装坚强的女孩。最后，阿威对着女孩说：“你一直在帮别人，这一次让我帮你。”她依偎在阿威的背上，两个人深情地对视，摩托车飞驰而过，穿过了城市的每一个角落，他们相依相偎，静静感受彼此最纯粹的心跳与心思，不留遗憾，却也不免遗憾地渐渐走向他们爱情的终点。""}},{""meta"":{""type"":""ANONYMOUS"",""segment_range"":[280.33,298.053],""stats_length"":17.723},""id"":""99925a93-1a22-45e1-b01d-5c27936df3d3"",""properties"":{""accept_meta"":{},""mark_by"":""LABEL""},""labels"":{""Role"":""李艳"",""Individuality"":""一个在深圳替人按摩脚底的女郎，为了讨生活，她不得不放下自己的最爱的钢琴。一次，她与司机华同时中暑，躺在医院里，在网络世界里连上了线。两人重拾梦想，她自称为钢琴演奏家。"",""Identity"":""她是名校毕业的钢琴手，却在面试时遭色批老板羞辱。最终名校毕业的她，只能沦落足疗店做按摩妹。从此用来弹钢琴的双手，每天在顾客的脚上按来按去，但他的心里并没有忘记音乐，经常在按摩的时候。手指不自觉弹起乐章。李燕独自来到香港打拼，还因过度劳累住进医院。意外结识司机华，明明是个司机却说自己是法拉利车手。而李艳也谎称自己是钢琴家。在网络世界里，二人重新向梦想出发，却对彼此产生感情。二人相互鼓励，相互进步。\n""}},{""meta"":{""type"":""ANONYMOUS"",""segment_range"":[370.405,390.15],""stats_length"":19.745},""id"":""95b6648c-41f5-43b0-9f03-6892efe958ee"",""properties"":{""accept_meta"":{},""mark_by"":""LABEL""},""labels"":{""Role"":""小方"",""Individuality"":""一个生活在工厂旁小店里小伙子，他跟老板打赌，要把工厂里最美丽的少女小琪追到手。少女无心谈情，在纠缠下，唯有玩弄他，称只要他能在工厂外站上一百天，她便愿意和他相恋。"",""Identity"":""“做我女朋友好么？”“去太阳下站100天，我就答应你”“100天以后，你就是我女朋友！“一根冰棒，一句话，就能换来一个女朋友么？这个由井柏然饰演的名叫小方的男孩还真是纯真的可以。当然，面对在烈日下暴晒100天的誓言，他更是玩世不恭的觉得，不就是100天么，100天之后既能抱得美人归，还能赢得师傅的一块手表，何难之有，何乐而不为。于是，接下来的酷夏，随着小琪 (Angelababy饰)玻璃瓶里的纽扣一天天地增加，小方站在外面的心情也与日不同；在收到小琪的清凉油后，每次站在那里时的少年更是油然升腾起一种使命感和神圣感，直到看到小琪坐上了大款的车绝尘而去，他在100天的时候黯然离去。""}},{""meta"":{""type"":""ANONYMOUS"",""segment_range"":[595.081,620.07],""stats_length"":24.989},""id"":""ef615060-3009-4034-855f-45a2381615c0"",""properties"":{""accept_meta"":{},""mark_by"":""LABEL""},""labels"":{""Role"":""司机华"",""Individuality"":""一个替歌星开车的男人，爱好古典音乐，因为一个热浪，他和李艳同时中暑，躺在医院内，因一个误传的SMS而连上了线。于是他自称是法拉利试车手，开始聊天。"",""Identity"":""他是一个离婚后独自带小女儿生活的居家好爸爸，也是一个充满着爱心的男人。虽然在他的内心缺少女人的温情，但是在炎热的夏天，他甘愿把自己装扮成一个大块儿的冰沙为人们解渴。从这点儿上，看出了他心里有棵发芽的爱的种子。当女儿草莓用他给的100元买了他1小时的时间，让他参加学校的朗诵比赛后，触动了司机华的内心，他发觉自从离婚后他整个人都忙着赚钱养家，对女儿实在是太忽视了。于是，他对女儿再次露出了笑脸，说话也不再生硬了。在他的改变下，女儿恢复了每天早上弹钢琴的习惯，女儿的爱意顺着钢琴上指尖的流动又划向了司机华的心里。""}}],""properties"":{""seq"":17},""labels"":{""invalid"":""false""},""timestamp"":1693118797206}"
http://movie101.oss-cn-zhangjiakou.aliyuncs.com/movie/%E5%90%8E%E6%9D%A5%E7%9A%84%E6%88%91%E4%BB%AC.mp4,后来的我们,"{""meta"":{""stats_length"":7149.656},""id"":""a1ba086b-e0eb-4079-8dd4-67d8b940a5d9"",""items"":[{""meta"":{""type"":""ANONYMOUS"",""segment_range"":[243.505,268.271],""stats_length"":24.766},""id"":""9def5f09-0750-4a24-9f2b-f8c09d64a9d0"",""properties"":{""accept_meta"":{},""mark_by"":""LABEL""},""labels"":{""Role"":""林见清"",""Individuality"":""林见清是一个有志向有能力的大学生，他有自己一直坚持的梦想。从相遇相识到相弃相背，林见清对这份爱的坚持让人动容"",""Identity"":""林见清爱着方小晓。同时他也是懦弱的。方小晓离开时，林见清明明有机会跑进地铁，他却停住了，两个人就这样错过。后来，方小晓说，“那个时候你要是上了地铁，我就真的跟你一辈子”。其实，他们两人代表了不同的人生观念。方小晓是浪漫主义的罗曼蒂克，她要的是爱情，是对方能为了她上九天揽月，下五洋捉鳖，只要这样，她就能义无反顾一条路走到黑。林见清是现实的，他不是没有想过上车，只是他犹豫了，他犹豫如果追回了方小晓，以后怎么办呢？在现实的铜墙铁壁面前，有时候我们都是懦弱的，有时候我们都会退缩。""}},{""meta"":{""type"":""ANONYMOUS"",""segment_range"":[2633.535,2663.035],""stats_length"":29.5},""id"":""bfbe9c5b-ee53-4a5f-bac3-87bd68832474"",""properties"":{""accept_meta"":{},""mark_by"":""LABEL""},""labels"":{""Role"":""方小晓"",""Individuality"":""大胆勇敢又坚强，还有一种涉世很久的滑头感。她想嫁北京人，想有北京户口，想有房有车，渴望有人爱。"",""Identity"":""电影里，方小晓就像鸟一样在北京盘旋、漂泊、只为了寻找一个温暖的巢穴，落脚点从未停歇，所以她才会每年即使没人在家，也会回老家体会家的感觉。但爱是最简单却也是最难实现的东西。当她在林见清身上感受到自己最想要那种温暖的爱，她会毫不犹豫地放弃自己的一切标准，甘愿为对方付出一切。可是当他们经历过贫穷、争吵、小晓知道他们的爱经不住现实的考验，他不会一直都是那个为她上九天揽月，下五洋捉鳖的人。最后，见清父亲的信终于让方小晓久违地感受到亲情体会到了人与人之间真正的羁绊和爱，于是她重新鼓起勇气，生活也重新获得色彩。""}},{""meta"":{""type"":""ANONYMOUS"",""segment_range"":[6504.782,6540.542],""stats_length"":35.76},""id"":""df3e0800-3b53-413b-93a7-3c7aa13150b5"",""properties"":{""accept_meta"":{},""mark_by"":""LABEL""},""labels"":{""Role"":""林见清父亲"",""Individuality"":""感情内敛,性格看似固执实则体贴,寡言少语、不苟言笑，看事情很通透。他什么都懂，却看破而不说破。"",""Identity"":""他不是主角，他出场的场景只有林家菜馆一地。那里有着热腾腾的蒸笼，香喷喷的红肠和大酱，还有一桌子丰盛无比的年夜饭。对那些习惯了在外奋斗的人们来说，这就是家的味道。父亲最知道孩子的口味，会把孩子喜欢吃的粘豆包“管够”。孩子长大了，有自己想要的生活。父亲纵然再思念，也只好把牵挂埋在心底。见清被拘留那个春节，小晓自己代替他回家探望林父用谎言来掩饰北漂的落魄。林父当然看出了其中的不对，但他没有揭穿，只是跟小晓讲起了一件往事。林父是想告诉小晓，无论如何，父亲都会理解你的梦想和苦衷，并无私把最好的给你。""}}],""properties"":{""seq"":24},""labels"":{""invalid"":""false""},""timestamp"":1692414674318}"
